,Date,Close,Open,High,Low,Vol.,Change %
1,"Dec 16, 2015",2073.07,"2,046.50","2,076.72","2,042.43",-,1.45%
2,"Dec 17, 2015",2041.89,"2,073.76","2,076.37","2,041.66",-,-1.50%
3,"Dec 18, 2015",2005.55,"2,040.81","2,040.81","2,005.33",-,-1.78%
4,"Dec 21, 2015",2021.15,"2,010.27","2,022.90","2,005.93",-,0.78%
5,"Dec 22, 2015",2038.97,"2,023.15","2,042.74","2,020.49",-,0.88%
6,"Dec 23, 2015",2064.29,"2,042.20","2,064.73","2,042.20",-,1.24%
7,"Dec 24, 2015",2060.99,"2,063.52","2,067.36","2,058.73",-,-0.16%
8,"Dec 28, 2015",2056.5,"2,057.77","2,057.77","2,044.20",-,-0.22%
9,"Dec 29, 2015",2078.36,"2,060.54","2,081.56","2,060.54",-,1.06%
10,"Dec 30, 2015",2063.36,"2,077.34","2,077.34","2,061.97",-,-0.72%
11,"Dec 31, 2015",2043.94,"2,060.59","2,062.54","2,043.62",-,-0.94%
12,"Jan 04, 2016",2012.66,"2,038.20","2,038.20","1,989.68",-,-1.53%
13,"Jan 05, 2016",2016.71,"2,013.78","2,021.94","2,004.17",-,0.20%
14,"Jan 06, 2016",1990.26,"2,011.71","2,011.71","1,979.05",-,-1.31%
15,"Jan 07, 2016",1943.09,"1,985.32","1,985.32","1,938.83",-,-2.37%
16,"Jan 08, 2016",1922.03,"1,945.97","1,960.40","1,918.46",-,-1.08%
17,"Jan 11, 2016",1923.67,"1,926.12","1,935.65","1,901.10",-,0.09%
18,"Jan 12, 2016",1938.68,"1,927.83","1,947.38","1,914.35",-,0.78%
19,"Jan 13, 2016",1890.28,"1,940.34","1,950.33","1,886.41",-,-2.50%
20,"Jan 14, 2016",1921.84,"1,891.68","1,934.47","1,878.93",-,1.67%
21,"Jan 15, 2016",1880.33,"1,916.68","1,916.68","1,857.83",-,-2.16%
22,"Jan 19, 2016",1881.33,"1,888.66","1,901.44","1,864.60",-,0.05%
23,"Jan 20, 2016",1859.33,"1,876.18","1,876.18","1,812.29",-,-1.17%
24,"Jan 21, 2016",1868.99,"1,861.46","1,889.85","1,848.98",-,0.52%
25,"Jan 22, 2016",1906.9,"1,877.40","1,908.85","1,877.40",-,2.03%
26,"Jan 25, 2016",1877.08,"1,906.28","1,906.28","1,875.97",-,-1.56%
27,"Jan 26, 2016",1903.63,"1,878.79","1,906.73","1,878.79",-,1.41%
28,"Jan 27, 2016",1882.95,"1,902.52","1,916.99","1,872.70",-,-1.09%
29,"Jan 28, 2016",1893.36,"1,885.22","1,902.96","1,873.65",-,0.55%
30,"Jan 29, 2016",1940.24,"1,894.00","1,940.24","1,894.00",-,2.48%
31,"Feb 01, 2016",1939.38,"1,936.94","1,947.20","1,920.30",-,-0.04%
32,"Feb 02, 2016",1903.03,"1,935.26","1,935.26","1,897.29",-,-1.87%
33,"Feb 03, 2016",1912.53,"1,907.07","1,918.01","1,872.23",-,0.50%
34,"Feb 04, 2016",1915.45,"1,911.67","1,927.35","1,900.52",-,0.15%
35,"Feb 05, 2016",1880.05,"1,913.07","1,913.07","1,872.65",-,-1.85%
36,"Feb 08, 2016",1853.44,"1,873.25","1,873.25","1,828.46",-,-1.42%
37,"Feb 09, 2016",1852.21,"1,848.46","1,868.25","1,834.94",-,-0.07%
38,"Feb 10, 2016",1851.86,"1,857.10","1,881.60","1,850.32",-,-0.02%
39,"Feb 11, 2016",1829.08,"1,847.00","1,847.00","1,810.10",-,-1.23%
40,"Feb 12, 2016",1864.78,"1,833.40","1,864.78","1,833.40",-,1.95%
41,"Feb 16, 2016",1895.58,"1,871.44","1,895.77","1,871.44",-,1.65%
42,"Feb 17, 2016",1926.82,"1,898.80","1,930.68","1,898.80",-,1.65%
43,"Feb 18, 2016",1917.83,"1,927.57","1,930.00","1,915.09",-,-0.47%
44,"Feb 19, 2016",1917.78,"1,916.74","1,918.78","1,902.17",-,0.00%
45,"Feb 22, 2016",1945.5,"1,924.44","1,946.70","1,924.44",-,1.45%
46,"Feb 23, 2016",1921.27,"1,942.38","1,942.38","1,919.44",-,-1.25%
47,"Feb 24, 2016",1929.8,"1,917.56","1,932.08","1,891.00",-,0.44%
48,"Feb 25, 2016",1951.7,"1,931.87","1,951.83","1,925.41",-,1.13%
49,"Feb 26, 2016",1948.05,"1,954.95","1,962.96","1,945.78",-,-0.19%
50,"Feb 29, 2016",1932.23,"1,947.13","1,958.27","1,931.81",-,-0.81%
51,"Mar 01, 2016",1978.35,"1,937.09","1,978.35","1,937.09",-,2.39%
52,"Mar 02, 2016",1986.45,"1,976.60","1,986.51","1,968.80",-,0.41%
53,"Mar 03, 2016",1993.4,"1,985.60","1,993.69","1,977.37",-,0.35%
54,"Mar 04, 2016",1999.99,"1,994.01","2,009.13","1,986.77",-,0.33%
55,"Mar 07, 2016",2001.76,"1,996.11","2,006.12","1,989.38",-,0.09%
56,"Mar 08, 2016",1979.26,"1,996.88","1,996.88","1,977.43",-,-1.12%
57,"Mar 09, 2016",1989.26,"1,981.44","1,992.69","1,979.84",-,0.51%
58,"Mar 10, 2016",1989.57,"1,990.97","2,005.08","1,969.25",-,0.02%
59,"Mar 11, 2016",2022.19,"1,994.71","2,022.37","1,994.71",-,1.64%
60,"Mar 14, 2016",2019.64,"2,019.27","2,024.57","2,012.05",-,-0.13%
61,"Mar 15, 2016",2015.93,"2,015.27","2,015.94","2,005.23",-,-0.18%
62,"Mar 16, 2016",2027.22,"2,014.24","2,032.02","2,010.04",-,0.56%
63,"Mar 17, 2016",2040.59,"2,026.90","2,046.24","2,022.16",-,0.66%
64,"Mar 18, 2016",2049.58,"2,041.16","2,052.36","2,041.16",-,0.44%
65,"Mar 21, 2016",2051.6,"2,047.88","2,053.91","2,043.14",-,0.10%
66,"Mar 22, 2016",2049.8,"2,048.64","2,056.60","2,040.57",-,-0.09%
67,"Mar 23, 2016",2036.71,"2,048.55","2,048.55","2,034.86",-,-0.64%
68,"Mar 24, 2016",2035.94,"2,032.48","2,036.04","2,022.49",-,-0.04%
69,"Mar 28, 2016",2037.05,"2,037.89","2,042.67","2,031.96",-,0.05%
70,"Mar 29, 2016",2055.01,"2,035.75","2,055.91","2,028.31",-,0.88%
71,"Mar 30, 2016",2063.95,"2,058.27","2,072.21","2,058.27",-,0.44%
72,"Mar 31, 2016",2059.74,"2,063.77","2,067.92","2,057.46",-,-0.20%
73,"Apr 01, 2016",2072.78,"2,056.62","2,075.07","2,043.98",-,0.63%
74,"Apr 04, 2016",2066.13,"2,073.19","2,074.02","2,062.57",-,-0.32%
75,"Apr 05, 2016",2045.17,"2,062.50","2,062.50","2,042.56",-,-1.01%
76,"Apr 06, 2016",2066.66,"2,045.56","2,067.33","2,043.09",-,1.05%
77,"Apr 07, 2016",2041.91,"2,063.01","2,063.01","2,033.80",-,-1.20%
78,"Apr 08, 2016",2047.6,"2,045.54","2,060.63","2,041.69",-,0.28%
79,"Apr 11, 2016",2041.99,"2,050.23","2,062.93","2,041.88",-,-0.27%
80,"Apr 12, 2016",2061.72,"2,043.72","2,065.05","2,039.74",-,0.97%
81,"Apr 13, 2016",2082.42,"2,065.92","2,083.18","2,065.92",-,1.00%
82,"Apr 14, 2016",2082.78,"2,082.89","2,087.84","2,078.13",-,0.02%
83,"Apr 15, 2016",2080.73,"2,083.10","2,083.22","2,076.31",-,-0.10%
84,"Apr 18, 2016",2094.34,"2,078.83","2,094.66","2,073.65",-,0.65%
85,"Apr 19, 2016",2100.8,"2,096.05","2,104.05","2,091.68",-,0.31%
86,"Apr 20, 2016",2102.4,"2,101.52","2,111.05","2,096.32",-,0.08%
87,"Apr 21, 2016",2091.48,"2,102.09","2,103.78","2,088.52",-,-0.52%
88,"Apr 22, 2016",2091.58,"2,091.49","2,094.32","2,081.20",-,0.00%
89,"Apr 25, 2016",2087.79,"2,089.37","2,089.37","2,077.52",-,-0.18%
90,"Apr 26, 2016",2091.7,"2,089.84","2,096.87","2,085.80",-,0.19%
91,"Apr 27, 2016",2095.15,"2,092.33","2,099.89","2,082.31",-,0.16%
92,"Apr 28, 2016",2075.81,"2,090.93","2,099.30","2,071.62",-,-0.92%
93,"Apr 29, 2016",2065.3,"2,071.82","2,073.85","2,052.28",-,-0.51%
94,"May 02, 2016",2081.43,"2,067.17","2,083.42","2,066.11",-,0.78%
95,"May 03, 2016",2063.37,"2,077.18","2,077.18","2,054.89",-,-0.87%
96,"May 04, 2016",2051.12,"2,060.30","2,060.30","2,045.55",-,-0.59%
97,"May 05, 2016",2050.63,"2,052.95","2,060.23","2,045.77",-,-0.02%
98,"May 06, 2016",2057.14,"2,047.77","2,057.72","2,039.45",-,0.32%
99,"May 09, 2016",2058.69,"2,057.55","2,064.15","2,054.31",-,0.08%
100,"May 10, 2016",2084.39,"2,062.63","2,084.87","2,062.63",-,1.25%
101,"May 11, 2016",2064.46,"2,083.29","2,083.29","2,064.46",-,-0.96%
102,"May 12, 2016",2064.11,"2,067.17","2,073.99","2,053.13",-,-0.02%
103,"May 13, 2016",2046.61,"2,062.50","2,066.79","2,043.13",-,-0.85%
104,"May 16, 2016",2066.66,"2,046.53","2,071.88","2,046.53",-,0.98%
105,"May 17, 2016",2047.21,"2,065.04","2,065.69","2,040.82",-,-0.94%
106,"May 18, 2016",2047.63,"2,044.38","2,060.61","2,034.49",-,0.02%
107,"May 19, 2016",2040.04,"2,044.21","2,044.21","2,025.91",-,-0.37%
108,"May 20, 2016",2052.32,"2,041.88","2,058.35","2,041.88",-,0.60%
109,"May 23, 2016",2048.04,"2,052.23","2,055.58","2,047.26",-,-0.21%
110,"May 24, 2016",2076.06,"2,052.65","2,079.67","2,052.65",-,1.37%
111,"May 25, 2016",2090.54,"2,078.93","2,094.73","2,078.93",-,0.70%
112,"May 26, 2016",2090.1,"2,091.44","2,094.30","2,087.08",-,-0.02%
113,"May 27, 2016",2099.06,"2,090.06","2,099.06","2,090.06",-,0.43%
114,"May 31, 2016",2096.96,"2,100.13","2,103.48","2,088.66",-,-0.10%
115,"Jun 01, 2016",2099.33,"2,093.94","2,100.97","2,085.10",-,0.11%
116,"Jun 02, 2016",2105.26,"2,097.71","2,105.26","2,088.59",-,0.28%
117,"Jun 03, 2016",2099.13,"2,104.07","2,104.07","2,085.36",-,-0.29%
118,"Jun 06, 2016",2109.41,"2,100.83","2,113.36","2,100.83",-,0.49%
119,"Jun 07, 2016",2112.13,"2,110.18","2,119.22","2,110.18",-,0.13%
120,"Jun 08, 2016",2119.12,"2,112.71","2,120.55","2,112.71",-,0.33%
121,"Jun 09, 2016",2115.48,"2,115.65","2,117.64","2,107.73",-,-0.17%
122,"Jun 10, 2016",2096.07,"2,109.57","2,109.57","2,089.96",-,-0.92%
123,"Jun 13, 2016",2079.06,"2,091.75","2,098.12","2,078.46",-,-0.81%
124,"Jun 14, 2016",2075.32,"2,076.65","2,081.30","2,064.10",-,-0.18%
125,"Jun 15, 2016",2071.5,"2,077.60","2,085.65","2,069.80",-,-0.18%
126,"Jun 16, 2016",2077.99,"2,066.36","2,079.62","2,050.37",-,0.31%
127,"Jun 17, 2016",2071.22,"2,078.20","2,078.20","2,062.84",-,-0.33%
128,"Jun 20, 2016",2083.25,"2,075.58","2,100.66","2,075.58",-,0.58%
129,"Jun 21, 2016",2088.9,"2,085.19","2,093.66","2,083.02",-,0.27%
130,"Jun 22, 2016",2085.45,"2,089.75","2,099.71","2,084.36",-,-0.17%
131,"Jun 23, 2016",2113.32,"2,092.80","2,113.32","2,092.80",-,1.34%
132,"Jun 24, 2016",2037.41,"2,103.81","2,103.81","2,032.57",-,-3.59%
133,"Jun 27, 2016",2000.54,"2,031.45","2,031.45","1,991.68",-,-1.81%
134,"Jun 28, 2016",2036.09,"2,006.67","2,036.09","2,006.67",-,1.78%
135,"Jun 29, 2016",2070.77,"2,042.69","2,073.13","2,042.69",-,1.70%
136,"Jun 30, 2016",2098.86,"2,073.17","2,098.94","2,070.00",-,1.36%
137,"Jul 01, 2016",2102.95,"2,099.34","2,108.71","2,097.90",-,0.19%
138,"Jul 05, 2016",2088.55,"2,095.05","2,095.05","2,080.86",-,-0.68%
139,"Jul 06, 2016",2099.73,"2,084.43","2,100.72","2,074.02",-,0.54%
140,"Jul 07, 2016",2097.9,"2,100.42","2,109.08","2,089.39",-,-0.09%
141,"Jul 08, 2016",2129.9,"2,106.97","2,131.71","2,106.97",-,1.53%
142,"Jul 11, 2016",2137.16,"2,131.72","2,143.16","2,131.72",-,0.34%
143,"Jul 12, 2016",2152.14,"2,139.50","2,155.40","2,139.50",-,0.70%
144,"Jul 13, 2016",2152.43,"2,153.81","2,156.45","2,146.21",-,0.01%
145,"Jul 14, 2016",2163.75,"2,157.88","2,168.99","2,157.88",-,0.53%
146,"Jul 15, 2016",2161.74,"2,165.13","2,169.05","2,155.79",-,-0.09%
147,"Jul 18, 2016",2166.89,"2,162.04","2,168.35","2,159.63",-,0.24%
148,"Jul 19, 2016",2163.78,"2,163.79","2,164.63","2,159.01",-,-0.14%
149,"Jul 20, 2016",2173.02,"2,166.10","2,175.63","2,164.89",-,0.43%
150,"Jul 21, 2016",2165.17,"2,172.91","2,174.56","2,159.75",-,-0.36%
151,"Jul 22, 2016",2175.03,"2,166.47","2,175.11","2,163.24",-,0.46%
152,"Jul 25, 2016",2168.48,"2,173.71","2,173.71","2,161.95",-,-0.30%
153,"Jul 26, 2016",2169.18,"2,168.97","2,173.54","2,160.18",-,0.03%
154,"Jul 27, 2016",2166.58,"2,169.81","2,174.98","2,159.07",-,-0.12%
155,"Jul 28, 2016",2170.06,"2,166.05","2,172.85","2,159.74",-,0.16%
156,"Jul 29, 2016",2173.6,"2,168.83","2,177.09","2,163.49",-,0.16%
157,"Aug 01, 2016",2170.84,"2,173.15","2,178.29","2,166.21",-,-0.13%
158,"Aug 02, 2016",2157.03,"2,169.94","2,170.20","2,147.58",-,-0.64%
159,"Aug 03, 2016",2163.79,"2,156.81","2,163.79","2,152.56",-,0.31%
160,"Aug 04, 2016",2164.25,"2,163.51","2,168.19","2,159.07",-,0.02%
161,"Aug 05, 2016",2182.87,"2,168.79","2,182.87","2,168.79",-,0.86%
162,"Aug 08, 2016",2180.89,"2,183.76","2,185.44","2,177.85",-,-0.09%
163,"Aug 09, 2016",2181.74,"2,182.24","2,187.66","2,178.61",-,0.04%
164,"Aug 10, 2016",2175.49,"2,182.81","2,183.41","2,172.00",-,-0.29%
165,"Aug 11, 2016",2185.79,"2,177.97","2,188.45","2,177.97",-,0.47%
166,"Aug 12, 2016",2184.05,"2,183.74","2,186.28","2,179.42",-,-0.08%
167,"Aug 15, 2016",2190.15,"2,186.08","2,193.81","2,186.08",-,0.28%
168,"Aug 16, 2016",2178.15,"2,186.24","2,186.24","2,178.14",-,-0.55%
169,"Aug 17, 2016",2182.22,"2,177.84","2,183.08","2,168.50",-,0.19%
170,"Aug 18, 2016",2187.02,"2,181.90","2,187.03","2,180.46",-,0.22%
171,"Aug 19, 2016",2183.87,"2,184.24","2,185.00","2,175.13",-,-0.14%
172,"Aug 22, 2016",2182.64,"2,181.58","2,185.15","2,175.96",-,-0.06%
173,"Aug 23, 2016",2186.9,"2,187.81","2,193.42","2,186.80",-,0.20%
174,"Aug 24, 2016",2175.44,"2,185.09","2,186.66","2,171.25",-,-0.52%
175,"Aug 25, 2016",2172.47,"2,173.29","2,179.00","2,169.74",-,-0.14%
176,"Aug 26, 2016",2169.04,"2,175.10","2,187.94","2,160.39",-,-0.16%
177,"Aug 29, 2016",2180.38,"2,170.19","2,183.48","2,170.19",-,0.52%
178,"Aug 30, 2016",2176.12,"2,179.45","2,182.27","2,170.41",-,-0.20%
179,"Aug 31, 2016",2170.95,"2,173.56","2,173.79","2,161.35",-,-0.24%
180,"Sep 01, 2016",2170.86,"2,171.33","2,173.56","2,157.09",-,0.00%
181,"Sep 02, 2016",2179.98,"2,177.49","2,184.87","2,173.59",-,0.42%
182,"Sep 06, 2016",2186.48,"2,181.61","2,186.57","2,175.10",-,0.30%
183,"Sep 07, 2016",2186.16,"2,185.17","2,187.87","2,179.07",-,-0.01%
184,"Sep 08, 2016",2181.3,"2,182.76","2,184.94","2,177.49",-,-0.22%
185,"Sep 09, 2016",2127.81,"2,169.08","2,169.08","2,127.81",-,-2.45%
186,"Sep 12, 2016",2159.04,"2,120.86","2,163.30","2,119.12",-,1.47%
187,"Sep 13, 2016",2127.02,"2,150.47","2,150.47","2,120.27",-,-1.48%
188,"Sep 14, 2016",2125.77,"2,127.86","2,141.33","2,119.90",-,-0.06%
189,"Sep 15, 2016",2147.26,"2,125.36","2,151.31","2,122.36",-,1.01%
190,"Sep 16, 2016",2139.16,"2,146.48","2,146.48","2,131.20",-,-0.38%
191,"Sep 19, 2016",2139.12,"2,143.99","2,153.61","2,135.91",-,0.00%
192,"Sep 20, 2016",2139.76,"2,145.94","2,150.80","2,139.17",-,0.03%
193,"Sep 21, 2016",2163.12,"2,144.58","2,165.11","2,139.57",-,1.09%
194,"Sep 22, 2016",2177.18,"2,170.94","2,179.99","2,170.94",-,0.65%
195,"Sep 23, 2016",2164.69,"2,173.29","2,173.75","2,163.97",-,-0.57%
196,"Sep 26, 2016",2146.1,"2,158.54","2,158.54","2,145.04",-,-0.86%
197,"Sep 27, 2016",2159.93,"2,146.04","2,161.13","2,141.55",-,0.64%
198,"Sep 28, 2016",2171.37,"2,161.85","2,172.40","2,151.79",-,0.53%
199,"Sep 29, 2016",2151.13,"2,168.90","2,172.67","2,145.20",-,-0.93%
200,"Sep 30, 2016",2168.27,"2,156.51","2,175.30","2,156.51",-,0.80%
201,"Oct 03, 2016",2161.2,"2,164.33","2,164.41","2,154.77",-,-0.33%
202,"Oct 04, 2016",2150.49,"2,163.37","2,165.46","2,144.01",-,-0.50%
203,"Oct 05, 2016",2159.73,"2,155.15","2,163.95","2,155.15",-,0.43%
204,"Oct 06, 2016",2160.77,"2,158.22","2,162.93","2,150.28",-,0.05%
205,"Oct 07, 2016",2153.74,"2,164.19","2,165.86","2,144.85",-,-0.33%
206,"Oct 10, 2016",2163.66,"2,160.39","2,169.60","2,160.39",-,0.46%
207,"Oct 11, 2016",2136.73,"2,161.35","2,161.56","2,128.84",-,-1.24%
208,"Oct 12, 2016",2139.18,"2,137.67","2,145.36","2,132.77",-,0.11%
209,"Oct 13, 2016",2132.55,"2,130.26","2,138.19","2,114.72",-,-0.31%
210,"Oct 14, 2016",2132.98,"2,139.68","2,149.19","2,132.98",-,0.02%
211,"Oct 17, 2016",2126.5,"2,132.95","2,135.61","2,124.43",-,-0.30%
212,"Oct 18, 2016",2139.6,"2,138.31","2,144.38","2,135.49",-,0.62%
213,"Oct 19, 2016",2144.29,"2,140.81","2,148.44","2,138.15",-,0.22%
214,"Oct 20, 2016",2141.34,"2,142.51","2,147.18","2,133.44",-,-0.14%
215,"Oct 21, 2016",2141.16,"2,139.43","2,142.63","2,130.09",-,-0.01%
216,"Oct 24, 2016",2151.33,"2,148.50","2,154.79","2,146.91",-,0.47%
217,"Oct 25, 2016",2143.16,"2,149.72","2,151.44","2,141.93",-,-0.38%
218,"Oct 26, 2016",2139.43,"2,136.97","2,145.73","2,131.59",-,-0.17%
219,"Oct 27, 2016",2133.04,"2,144.06","2,147.13","2,132.52",-,-0.30%
220,"Oct 28, 2016",2126.41,"2,132.23","2,140.72","2,119.36",-,-0.31%
221,"Oct 31, 2016",2126.15,"2,129.78","2,133.25","2,125.53",-,-0.01%
222,"Nov 01, 2016",2111.72,"2,128.68","2,131.45","2,097.85",-,-0.68%
223,"Nov 02, 2016",2097.94,"2,109.43","2,111.76","2,094.00",-,-0.65%
224,"Nov 03, 2016",2088.66,"2,098.80","2,102.56","2,085.23",-,-0.44%
225,"Nov 04, 2016",2085.18,"2,083.79","2,099.07","2,083.79",-,-0.17%
226,"Nov 07, 2016",2131.52,"2,100.59","2,132.00","2,100.59",-,2.22%
227,"Nov 08, 2016",2139.56,"2,129.92","2,146.87","2,123.56",-,0.38%
228,"Nov 09, 2016",2163.26,"2,131.56","2,170.10","2,125.35",-,1.11%
229,"Nov 10, 2016",2167.48,"2,167.49","2,182.30","2,151.17",-,0.20%
230,"Nov 11, 2016",2164.45,"2,162.71","2,165.92","2,152.49",-,-0.14%
231,"Nov 14, 2016",2164.2,"2,165.64","2,171.36","2,156.08",-,-0.01%
232,"Nov 15, 2016",2180.39,"2,168.29","2,180.84","2,166.38",-,0.75%
233,"Nov 16, 2016",2176.94,"2,177.53","2,179.22","2,172.20",-,-0.16%
234,"Nov 17, 2016",2187.12,"2,178.61","2,188.06","2,176.65",-,0.47%
235,"Nov 18, 2016",2181.9,"2,186.85","2,189.89","2,180.38",-,-0.24%
236,"Nov 21, 2016",2198.18,"2,186.43","2,198.70","2,186.43",-,0.75%
237,"Nov 22, 2016",2202.94,"2,201.56","2,204.80","2,194.51",-,0.22%
238,"Nov 23, 2016",2204.72,"2,198.55","2,204.72","2,194.51",-,0.08%
239,"Nov 25, 2016",2213.35,"2,206.27","2,213.35","2,206.27",-,0.39%
240,"Nov 28, 2016",2201.72,"2,210.21","2,211.14","2,200.36",-,-0.53%
241,"Nov 29, 2016",2204.66,"2,200.76","2,210.46","2,198.15",-,0.13%
242,"Nov 30, 2016",2198.81,"2,204.97","2,214.10","2,198.81",-,-0.27%
243,"Dec 01, 2016",2191.08,"2,200.17","2,202.60","2,187.44",-,-0.35%
244,"Dec 02, 2016",2191.95,"2,191.12","2,197.95","2,188.37",-,0.04%
245,"Dec 05, 2016",2204.71,"2,200.65","2,209.42","2,199.97",-,0.58%
246,"Dec 06, 2016",2212.23,"2,207.26","2,212.78","2,202.21",-,0.34%
247,"Dec 07, 2016",2241.35,"2,210.72","2,241.63","2,208.93",-,1.32%
248,"Dec 08, 2016",2246.19,"2,241.13","2,251.69","2,237.57",-,0.22%
249,"Dec 09, 2016",2259.53,"2,249.73","2,259.80","2,249.23",-,0.59%
250,"Dec 12, 2016",2256.96,"2,258.83","2,264.03","2,252.37",-,-0.11%
251,"Dec 13, 2016",2271.72,"2,263.32","2,277.53","2,263.32",-,0.65%
252,"Dec 14, 2016",2253.28,"2,268.35","2,276.20","2,248.44",-,-0.81%
253,"Dec 15, 2016",2262.03,"2,253.77","2,272.12","2,253.77",-,0.39%
254,"Dec 16, 2016",2258.07,"2,266.81","2,268.05","2,254.24",-,-0.18%
255,"Dec 19, 2016",2262.53,"2,259.24","2,267.47","2,258.21",-,0.20%
256,"Dec 20, 2016",2270.76,"2,266.50","2,272.56","2,266.14",-,0.36%
257,"Dec 21, 2016",2265.18,"2,270.54","2,271.23","2,265.15",-,-0.25%
258,"Dec 22, 2016",2260.96,"2,262.93","2,263.18","2,256.08",-,-0.19%
259,"Dec 23, 2016",2263.79,"2,260.25","2,263.79","2,258.84",-,0.13%
260,"Dec 27, 2016",2268.88,"2,266.23","2,273.82","2,266.15",-,0.22%
261,"Dec 28, 2016",2249.92,"2,270.23","2,271.31","2,249.11",-,-0.84%
262,"Dec 29, 2016",2249.26,"2,249.50","2,254.51","2,244.56",-,-0.03%
263,"Dec 30, 2016",2238.83,"2,251.61","2,253.58","2,233.62",-,-0.46%
264,"Jan 03, 2017",2257.83,"2,251.57","2,263.88","2,245.13",-,0.85%
265,"Jan 04, 2017",2270.75,"2,261.60","2,272.82","2,261.60",-,0.57%
266,"Jan 05, 2017",2269,"2,268.18","2,271.50","2,260.45",-,-0.08%
267,"Jan 06, 2017",2276.98,"2,271.14","2,282.10","2,264.06",-,0.35%
268,"Jan 09, 2017",2268.9,"2,273.59","2,275.49","2,268.90",-,-0.35%
269,"Jan 10, 2017",2268.9,"2,269.72","2,279.27","2,265.27",-,0.00%
270,"Jan 11, 2017",2275.32,"2,268.60","2,275.32","2,260.83",-,0.28%
271,"Jan 12, 2017",2270.44,"2,271.14","2,271.78","2,254.25",-,-0.21%
272,"Jan 13, 2017",2274.64,"2,272.74","2,278.68","2,271.51",-,0.18%
273,"Jan 17, 2017",2267.89,"2,269.14","2,272.08","2,262.81",-,-0.30%
274,"Jan 18, 2017",2271.89,"2,269.14","2,272.01","2,263.35",-,0.18%
275,"Jan 19, 2017",2263.69,"2,271.90","2,274.33","2,258.41",-,-0.36%
276,"Jan 20, 2017",2271.31,"2,269.96","2,276.96","2,265.01",-,0.34%
277,"Jan 23, 2017",2265.2,"2,267.78","2,271.78","2,257.02",-,-0.27%
278,"Jan 24, 2017",2280.07,"2,267.88","2,284.63","2,266.68",-,0.66%
279,"Jan 25, 2017",2298.37,"2,288.88","2,299.55","2,288.88",-,0.80%
280,"Jan 26, 2017",2296.68,"2,298.63","2,300.99","2,294.08",-,-0.07%
281,"Jan 27, 2017",2294.69,"2,299.02","2,299.02","2,291.62",-,-0.09%
282,"Jan 30, 2017",2280.9,"2,286.01","2,286.01","2,268.04",-,-0.60%
283,"Jan 31, 2017",2278.87,"2,274.02","2,279.09","2,267.21",-,-0.09%
284,"Feb 01, 2017",2279.55,"2,285.59","2,289.14","2,272.44",-,0.03%
285,"Feb 02, 2017",2280.85,"2,276.69","2,283.97","2,271.65",-,0.06%
286,"Feb 03, 2017",2297.42,"2,288.54","2,298.31","2,287.88",-,0.73%
287,"Feb 06, 2017",2292.56,"2,294.28","2,296.18","2,288.57",-,-0.21%
288,"Feb 07, 2017",2293.08,"2,295.87","2,299.40","2,290.16",-,0.02%
289,"Feb 08, 2017",2294.67,"2,289.55","2,295.91","2,285.38",-,0.07%
290,"Feb 09, 2017",2307.87,"2,296.70","2,311.08","2,296.61",-,0.58%
291,"Feb 10, 2017",2316.1,"2,312.27","2,319.23","2,311.10",-,0.36%
292,"Feb 13, 2017",2328.25,"2,321.72","2,331.58","2,321.42",-,0.52%
293,"Feb 14, 2017",2337.58,"2,326.12","2,337.58","2,322.17",-,0.40%
294,"Feb 15, 2017",2349.25,"2,335.58","2,351.30","2,334.81",-,0.50%
295,"Feb 16, 2017",2347.22,"2,349.64","2,351.31","2,338.87",-,-0.09%
296,"Feb 17, 2017",2351.16,"2,343.01","2,351.16","2,339.58",-,0.17%
297,"Feb 21, 2017",2365.38,"2,354.91","2,366.71","2,354.91",-,0.60%
298,"Feb 22, 2017",2362.82,"2,361.11","2,365.13","2,358.34",-,-0.11%
299,"Feb 23, 2017",2363.81,"2,367.50","2,368.26","2,355.09",-,0.04%
300,"Feb 24, 2017",2367.34,"2,355.73","2,367.34","2,352.87",-,0.15%
301,"Feb 27, 2017",2369.75,"2,365.23","2,371.54","2,361.87",-,0.10%
302,"Feb 28, 2017",2363.64,"2,366.08","2,367.79","2,358.96",-,-0.26%
303,"Mar 01, 2017",2395.96,"2,380.13","2,400.98","2,380.13",-,1.37%
304,"Mar 02, 2017",2381.92,"2,394.75","2,394.75","2,380.17",-,-0.59%
305,"Mar 03, 2017",2383.12,"2,380.92","2,383.89","2,375.39",-,0.05%
306,"Mar 06, 2017",2375.31,"2,375.23","2,378.80","2,367.98",-,-0.33%
307,"Mar 07, 2017",2368.39,"2,370.74","2,375.12","2,365.51",-,-0.29%
308,"Mar 08, 2017",2362.98,"2,369.81","2,373.09","2,361.01",-,-0.23%
309,"Mar 09, 2017",2364.87,"2,363.49","2,369.08","2,354.54",-,0.08%
310,"Mar 10, 2017",2372.6,"2,372.52","2,376.86","2,363.04",-,0.33%
311,"Mar 13, 2017",2373.47,"2,371.56","2,374.42","2,368.52",-,0.04%
312,"Mar 14, 2017",2365.45,"2,368.55","2,368.55","2,358.18",-,-0.34%
313,"Mar 15, 2017",2385.26,"2,370.34","2,390.01","2,368.94",-,0.84%
314,"Mar 16, 2017",2381.38,"2,387.71","2,388.10","2,377.18",-,-0.16%
315,"Mar 17, 2017",2378.25,"2,383.71","2,385.71","2,377.64",-,-0.13%
316,"Mar 20, 2017",2373.47,"2,378.24","2,379.55","2,369.66",-,-0.20%
317,"Mar 21, 2017",2344.02,"2,379.32","2,381.93","2,341.90",-,-1.24%
318,"Mar 22, 2017",2348.45,"2,343.00","2,351.81","2,336.45",-,0.19%
319,"Mar 23, 2017",2345.96,"2,345.97","2,358.92","2,342.13",-,-0.11%
320,"Mar 24, 2017",2343.98,"2,350.42","2,356.22","2,335.74",-,-0.08%
321,"Mar 27, 2017",2341.59,"2,329.11","2,344.90","2,322.25",-,-0.10%
322,"Mar 28, 2017",2358.57,"2,339.79","2,363.78","2,337.63",-,0.73%
323,"Mar 29, 2017",2361.13,"2,356.54","2,363.36","2,352.94",-,0.11%
324,"Mar 30, 2017",2368.06,"2,361.31","2,370.42","2,358.58",-,0.29%
325,"Mar 31, 2017",2362.72,"2,364.82","2,370.35","2,362.60",-,-0.23%
326,"Apr 03, 2017",2358.84,"2,362.34","2,365.87","2,344.73",-,-0.16%
327,"Apr 04, 2017",2360.16,"2,354.76","2,360.53","2,350.72",-,0.06%
328,"Apr 05, 2017",2352.95,"2,366.59","2,378.36","2,350.52",-,-0.31%
329,"Apr 06, 2017",2357.49,"2,353.79","2,364.16","2,348.90",-,0.19%
330,"Apr 07, 2017",2355.54,"2,356.59","2,363.76","2,350.74",-,-0.08%
331,"Apr 10, 2017",2357.16,"2,357.16","2,366.37","2,351.50",-,0.07%
332,"Apr 11, 2017",2353.78,"2,353.92","2,355.22","2,337.25",-,-0.14%
333,"Apr 12, 2017",2344.93,"2,352.15","2,352.72","2,341.18",-,-0.38%
334,"Apr 13, 2017",2328.95,"2,341.98","2,348.26","2,328.95",-,-0.68%
335,"Apr 17, 2017",2349.01,"2,332.62","2,349.14","2,332.51",-,0.86%
336,"Apr 18, 2017",2342.19,"2,342.53","2,348.35","2,334.54",-,-0.29%
337,"Apr 19, 2017",2338.17,"2,346.79","2,352.63","2,335.05",-,-0.17%
338,"Apr 20, 2017",2355.84,"2,342.69","2,361.37","2,340.91",-,0.76%
339,"Apr 21, 2017",2348.69,"2,354.74","2,356.18","2,344.51",-,-0.30%
340,"Apr 24, 2017",2374.15,"2,370.33","2,376.98","2,369.19",-,1.08%
341,"Apr 25, 2017",2388.61,"2,381.51","2,392.48","2,381.15",-,0.61%
342,"Apr 26, 2017",2387.45,"2,388.98","2,398.16","2,386.76",-,-0.05%
343,"Apr 27, 2017",2388.77,"2,389.70","2,392.10","2,382.68",-,0.06%
344,"Apr 28, 2017",2384.2,"2,393.68","2,393.68","2,382.36",-,-0.19%
345,"May 01, 2017",2388.33,"2,388.50","2,394.49","2,384.83",-,0.17%
346,"May 02, 2017",2391.17,"2,391.05","2,392.93","2,385.82",-,0.12%
347,"May 03, 2017",2388.13,"2,386.50","2,389.82","2,379.75",-,-0.13%
348,"May 04, 2017",2389.52,"2,389.79","2,391.43","2,380.35",-,0.06%
349,"May 05, 2017",2399.29,"2,392.37","2,399.29","2,389.38",-,0.41%
350,"May 08, 2017",2399.38,"2,399.94","2,401.36","2,393.92",-,0.00%
351,"May 09, 2017",2396.92,"2,401.58","2,403.87","2,392.44",-,-0.10%
352,"May 10, 2017",2399.63,"2,396.79","2,399.74","2,392.79",-,0.11%
353,"May 11, 2017",2394.44,"2,394.84","2,395.72","2,381.74",-,-0.22%
354,"May 12, 2017",2390.9,"2,392.44","2,392.44","2,387.19",-,-0.15%
355,"May 15, 2017",2402.32,"2,393.98","2,404.05","2,393.94",-,0.48%
356,"May 16, 2017",2400.67,"2,404.55","2,405.77","2,396.05",-,-0.07%
357,"May 17, 2017",2357.03,"2,382.95","2,384.87","2,356.21",-,-1.82%
358,"May 18, 2017",2365.72,"2,354.69","2,375.74","2,352.72",-,0.37%
359,"May 19, 2017",2381.73,"2,371.37","2,389.06","2,370.43",-,0.68%
360,"May 22, 2017",2394.02,"2,387.21","2,395.46","2,386.92",-,0.52%
361,"May 23, 2017",2398.42,"2,397.04","2,400.85","2,393.88",-,0.18%
362,"May 24, 2017",2404.39,"2,401.41","2,405.58","2,397.99",-,0.25%
363,"May 25, 2017",2415.07,"2,409.54","2,418.71","2,408.01",-,0.44%
364,"May 26, 2017",2415.82,"2,414.50","2,416.68","2,412.20",-,0.03%
365,"May 30, 2017",2412.91,"2,411.67","2,415.26","2,409.43",-,-0.12%
366,"May 31, 2017",2411.8,"2,415.63","2,415.99","2,403.59",-,-0.05%
367,"Jun 01, 2017",2430.06,"2,415.65","2,430.06","2,413.54",-,0.76%
368,"Jun 02, 2017",2439.07,"2,431.28","2,440.23","2,427.71",-,0.37%
369,"Jun 05, 2017",2436.1,"2,437.83","2,439.55","2,434.32",-,-0.12%
370,"Jun 06, 2017",2429.33,"2,431.92","2,436.21","2,428.12",-,-0.28%
371,"Jun 07, 2017",2433.14,"2,432.03","2,435.28","2,424.75",-,0.16%
372,"Jun 08, 2017",2433.79,"2,434.27","2,439.27","2,427.94",-,0.03%
373,"Jun 09, 2017",2431.77,"2,436.39","2,446.20","2,415.70",-,-0.08%
374,"Jun 12, 2017",2429.39,"2,425.88","2,430.38","2,419.97",-,-0.10%
375,"Jun 13, 2017",2440.35,"2,434.15","2,441.49","2,431.28",-,0.45%
376,"Jun 14, 2017",2437.92,"2,443.75","2,443.75","2,428.34",-,-0.10%
377,"Jun 15, 2017",2432.46,"2,424.14","2,433.95","2,418.53",-,-0.22%
378,"Jun 16, 2017",2433.15,"2,431.24","2,433.15","2,422.88",-,0.03%
379,"Jun 19, 2017",2453.46,"2,442.55","2,453.82","2,441.79",-,0.83%
380,"Jun 20, 2017",2437.03,"2,450.66","2,450.66","2,436.60",-,-0.67%
381,"Jun 21, 2017",2435.61,"2,439.31","2,442.23","2,430.74",-,-0.06%
382,"Jun 22, 2017",2434.5,"2,437.40","2,441.62","2,433.27",-,-0.05%
383,"Jun 23, 2017",2438.3,"2,434.65","2,441.40","2,431.11",-,0.16%
384,"Jun 26, 2017",2439.07,"2,443.32","2,450.42","2,437.03",-,0.03%
385,"Jun 27, 2017",2419.38,"2,436.34","2,440.15","2,419.38",-,-0.81%
386,"Jun 28, 2017",2440.69,"2,428.70","2,442.97","2,428.02",-,0.88%
387,"Jun 29, 2017",2419.7,"2,442.38","2,442.73","2,405.70",-,-0.86%
388,"Jun 30, 2017",2423.41,"2,429.20","2,432.71","2,421.65",-,0.15%
389,"Jul 03, 2017",2429.01,"2,431.39","2,439.17","2,428.69",-,0.23%
390,"Jul 05, 2017",2432.54,"2,430.78","2,434.90","2,422.05",-,0.15%
391,"Jul 06, 2017",2409.75,"2,423.44","2,424.28","2,407.70",-,-0.94%
392,"Jul 07, 2017",2425.18,"2,413.52","2,426.92","2,413.52",-,0.64%
393,"Jul 10, 2017",2427.43,"2,424.51","2,432.00","2,422.27",-,0.09%
394,"Jul 11, 2017",2425.53,"2,427.35","2,429.30","2,412.79",-,-0.08%
395,"Jul 12, 2017",2443.25,"2,435.75","2,445.76","2,435.75",-,0.73%
396,"Jul 13, 2017",2447.83,"2,444.99","2,449.32","2,441.69",-,0.19%
397,"Jul 14, 2017",2459.27,"2,449.16","2,463.54","2,446.69",-,0.47%
398,"Jul 17, 2017",2459.14,"2,459.50","2,462.82","2,457.16",-,-0.01%
399,"Jul 18, 2017",2460.61,"2,455.88","2,460.92","2,450.34",-,0.06%
400,"Jul 19, 2017",2473.83,"2,463.85","2,473.83","2,463.85",-,0.54%
401,"Jul 20, 2017",2473.45,"2,475.56","2,477.62","2,468.43",-,-0.02%
402,"Jul 21, 2017",2472.54,"2,467.40","2,472.54","2,465.06",-,-0.04%
403,"Jul 24, 2017",2469.91,"2,472.04","2,473.10","2,466.32",-,-0.11%
404,"Jul 25, 2017",2477.13,"2,477.88","2,481.24","2,474.91",-,0.29%
405,"Jul 26, 2017",2477.83,"2,479.97","2,481.69","2,474.94",-,0.03%
406,"Jul 27, 2017",2475.42,"2,482.76","2,484.04","2,459.93",-,-0.10%
407,"Jul 28, 2017",2472.1,"2,469.12","2,473.53","2,464.66",-,-0.13%
408,"Jul 31, 2017",2470.3,"2,475.94","2,477.96","2,468.53",-,-0.07%
409,"Aug 01, 2017",2476.35,"2,477.10","2,478.51","2,471.14",-,0.24%
410,"Aug 02, 2017",2477.57,"2,480.38","2,480.38","2,466.48",-,0.05%
411,"Aug 03, 2017",2472.16,"2,476.03","2,476.03","2,468.85",-,-0.22%
412,"Aug 04, 2017",2476.83,"2,476.88","2,480.00","2,472.08",-,0.19%
413,"Aug 07, 2017",2480.91,"2,477.14","2,480.95","2,475.88",-,0.16%
414,"Aug 08, 2017",2474.92,"2,478.35","2,490.87","2,470.32",-,-0.24%
415,"Aug 09, 2017",2474.02,"2,465.35","2,474.41","2,462.08",-,-0.04%
416,"Aug 10, 2017",2438.21,"2,465.38","2,465.38","2,437.75",-,-1.45%
417,"Aug 11, 2017",2441.32,"2,441.04","2,448.09","2,437.85",-,0.13%
418,"Aug 14, 2017",2465.84,"2,454.96","2,468.22","2,454.96",-,1.00%
419,"Aug 15, 2017",2464.61,"2,468.66","2,468.90","2,461.61",-,-0.05%
420,"Aug 16, 2017",2468.11,"2,468.63","2,474.93","2,463.86",-,0.14%
421,"Aug 17, 2017",2430.01,"2,462.95","2,465.02","2,430.01",-,-1.54%
422,"Aug 18, 2017",2425.55,"2,427.64","2,440.27","2,420.69",-,-0.18%
423,"Aug 21, 2017",2428.37,"2,425.50","2,430.58","2,417.35",-,0.12%
424,"Aug 22, 2017",2452.51,"2,433.75","2,454.77","2,433.67",-,0.99%
425,"Aug 23, 2017",2444.04,"2,444.88","2,448.91","2,441.42",-,-0.35%
426,"Aug 24, 2017",2438.97,"2,447.91","2,450.39","2,436.19",-,-0.21%
427,"Aug 25, 2017",2443.05,"2,444.72","2,453.96","2,442.22",-,0.17%
428,"Aug 28, 2017",2444.24,"2,447.35","2,449.12","2,439.03",-,0.05%
429,"Aug 29, 2017",2446.3,"2,431.94","2,449.19","2,428.20",-,0.08%
430,"Aug 30, 2017",2457.59,"2,446.06","2,460.31","2,443.77",-,0.46%
431,"Aug 31, 2017",2471.65,"2,462.65","2,475.01","2,462.65",-,0.57%
432,"Sep 01, 2017",2476.55,"2,474.42","2,480.38","2,473.85",-,0.20%
433,"Sep 05, 2017",2457.85,"2,470.35","2,471.97","2,446.55",-,-0.76%
434,"Sep 06, 2017",2465.54,"2,463.83","2,469.64","2,459.20",-,0.31%
435,"Sep 07, 2017",2465.1,"2,468.06","2,468.62","2,460.29",-,-0.02%
436,"Sep 08, 2017",2461.43,"2,462.25","2,467.11","2,459.40",-,-0.15%
437,"Sep 11, 2017",2488.11,"2,474.52","2,488.95","2,474.52",-,1.08%
438,"Sep 12, 2017",2496.48,"2,491.94","2,496.77","2,490.37",-,0.34%
439,"Sep 13, 2017",2498.37,"2,493.89","2,498.37","2,492.14",-,0.08%
440,"Sep 14, 2017",2495.62,"2,494.56","2,498.43","2,491.35",-,-0.11%
441,"Sep 15, 2017",2500.23,"2,495.67","2,500.23","2,493.16",-,0.18%
442,"Sep 18, 2017",2503.87,"2,502.51","2,508.32","2,499.92",-,0.15%
443,"Sep 19, 2017",2506.65,"2,506.29","2,507.84","2,503.19",-,0.11%
444,"Sep 20, 2017",2508.24,"2,506.84","2,508.85","2,496.67",-,0.06%
445,"Sep 21, 2017",2500.6,"2,507.16","2,507.16","2,499.00",-,-0.30%
446,"Sep 22, 2017",2502.22,"2,497.26","2,503.47","2,496.54",-,0.06%
447,"Sep 25, 2017",2496.66,"2,499.39","2,502.54","2,488.03",-,-0.22%
448,"Sep 26, 2017",2496.84,"2,501.04","2,503.51","2,495.12",-,0.01%
449,"Sep 27, 2017",2507.04,"2,503.30","2,511.75","2,495.91",-,0.41%
450,"Sep 28, 2017",2510.06,"2,503.41","2,510.81","2,502.93",-,0.12%
451,"Sep 29, 2017",2519.36,"2,509.96","2,519.44","2,507.99",-,0.37%
452,"Oct 02, 2017",2529.12,"2,521.20","2,529.23","2,520.40",-,0.39%
453,"Oct 03, 2017",2534.58,"2,530.34","2,535.13","2,528.85",-,0.22%
454,"Oct 04, 2017",2537.74,"2,533.48","2,540.53","2,531.80",-,0.12%
455,"Oct 05, 2017",2552.07,"2,540.86","2,552.51","2,540.02",-,0.56%
456,"Oct 06, 2017",2549.33,"2,547.44","2,549.41","2,543.79",-,-0.11%
457,"Oct 09, 2017",2544.73,"2,551.39","2,551.82","2,541.60",-,-0.18%
458,"Oct 10, 2017",2550.64,"2,549.99","2,555.23","2,544.86",-,0.23%
459,"Oct 11, 2017",2555.24,"2,550.62","2,555.24","2,547.95",-,0.18%
460,"Oct 12, 2017",2550.93,"2,552.88","2,555.33","2,548.31",-,-0.17%
461,"Oct 13, 2017",2553.17,"2,555.66","2,557.65","2,552.09",-,0.09%
462,"Oct 16, 2017",2557.64,"2,555.57","2,559.47","2,552.64",-,0.18%
463,"Oct 17, 2017",2559.36,"2,557.17","2,559.71","2,554.69",-,0.07%
464,"Oct 18, 2017",2561.26,"2,562.87","2,564.11","2,559.67",-,0.07%
465,"Oct 19, 2017",2562.1,"2,553.39","2,562.36","2,547.92",-,0.03%
466,"Oct 20, 2017",2575.21,"2,567.56","2,575.44","2,567.56",-,0.51%
467,"Oct 23, 2017",2564.98,"2,578.08","2,578.29","2,564.33",-,-0.40%
468,"Oct 24, 2017",2569.13,"2,568.66","2,572.18","2,565.58",-,0.16%
469,"Oct 25, 2017",2557.15,"2,566.52","2,567.40","2,544.00",-,-0.47%
470,"Oct 26, 2017",2560.4,"2,560.08","2,567.07","2,559.80",-,0.13%
471,"Oct 27, 2017",2581.07,"2,570.26","2,582.98","2,565.94",-,0.81%
472,"Oct 30, 2017",2572.83,"2,577.75","2,580.03","2,568.25",-,-0.32%
473,"Oct 31, 2017",2575.26,"2,575.99","2,578.29","2,572.15",-,0.09%
474,"Nov 01, 2017",2579.36,"2,583.21","2,588.40","2,574.92",-,0.16%
475,"Nov 02, 2017",2579.85,"2,579.46","2,581.11","2,566.17",-,0.02%
476,"Nov 03, 2017",2587.84,"2,581.93","2,588.42","2,576.77",-,0.31%
477,"Nov 06, 2017",2591.13,"2,587.47","2,593.38","2,585.66",-,0.13%
478,"Nov 07, 2017",2590.64,"2,592.11","2,597.02","2,584.35",-,-0.02%
479,"Nov 08, 2017",2594.38,"2,588.71","2,595.47","2,585.02",-,0.14%
480,"Nov 09, 2017",2584.62,"2,584.00","2,586.50","2,566.33",-,-0.38%
481,"Nov 10, 2017",2582.3,"2,580.18","2,583.81","2,575.57",-,-0.09%
482,"Nov 13, 2017",2584.84,"2,576.53","2,587.66","2,574.48",-,0.10%
483,"Nov 14, 2017",2578.87,"2,577.75","2,579.66","2,566.56",-,-0.23%
484,"Nov 15, 2017",2564.62,"2,569.45","2,572.84","2,557.45",-,-0.55%
485,"Nov 16, 2017",2585.64,"2,572.95","2,590.09","2,572.95",-,0.82%
486,"Nov 17, 2017",2578.85,"2,582.94","2,583.96","2,577.62",-,-0.26%
487,"Nov 20, 2017",2582.14,"2,579.49","2,584.64","2,578.24",-,0.13%
488,"Nov 21, 2017",2599.03,"2,589.17","2,601.19","2,589.17",-,0.65%
489,"Nov 22, 2017",2597.08,"2,600.31","2,600.94","2,595.23",-,-0.08%
490,"Nov 24, 2017",2602.42,"2,600.42","2,604.21","2,600.42",-,0.21%
491,"Nov 27, 2017",2601.42,"2,602.66","2,606.41","2,598.87",-,-0.04%
492,"Nov 28, 2017",2627.04,"2,605.94","2,627.69","2,605.44",-,0.98%
493,"Nov 29, 2017",2626.07,"2,627.82","2,634.89","2,620.32",-,-0.04%
494,"Nov 30, 2017",2647.58,"2,633.93","2,657.74","2,633.93",-,0.82%
495,"Dec 01, 2017",2642.22,"2,645.10","2,650.62","2,605.52",-,-0.20%
496,"Dec 04, 2017",2639.44,"2,657.19","2,665.19","2,639.03",-,-0.11%
497,"Dec 05, 2017",2629.57,"2,639.78","2,648.72","2,627.73",-,-0.37%
498,"Dec 06, 2017",2629.27,"2,626.24","2,634.41","2,624.75",-,-0.01%
499,"Dec 07, 2017",2636.98,"2,628.38","2,640.99","2,626.53",-,0.29%
500,"Dec 08, 2017",2651.5,"2,646.21","2,651.65","2,644.10",-,0.55%
501,"Dec 11, 2017",2659.99,"2,652.19","2,660.33","2,651.47",-,0.32%
502,"Dec 12, 2017",2664.11,"2,661.73","2,669.72","2,659.78",-,0.15%
503,"Dec 13, 2017",2662.85,"2,667.59","2,671.88","2,662.85",-,-0.05%
504,"Dec 14, 2017",2652.01,"2,665.87","2,668.09","2,652.01",-,-0.41%
505,"Dec 15, 2017",2675.81,"2,660.63","2,679.63","2,659.14",-,0.90%
506,"Dec 18, 2017",2690.16,"2,685.92","2,694.97","2,685.92",-,0.54%
507,"Dec 19, 2017",2681.47,"2,692.71","2,694.44","2,680.74",-,-0.32%
508,"Dec 20, 2017",2679.25,"2,688.18","2,691.01","2,676.11",-,-0.08%
509,"Dec 21, 2017",2684.57,"2,683.02","2,692.64","2,682.40",-,0.20%
510,"Dec 22, 2017",2683.34,"2,684.22","2,685.35","2,678.13",-,-0.05%
511,"Dec 26, 2017",2680.5,"2,679.09","2,682.74","2,677.96",-,-0.11%
512,"Dec 27, 2017",2682.62,"2,682.10","2,685.64","2,678.91",-,0.08%
513,"Dec 28, 2017",2687.54,"2,686.10","2,687.66","2,682.69",-,0.18%
514,"Dec 29, 2017",2673.61,"2,689.15","2,692.12","2,673.61",-,-0.52%
515,"Jan 02, 2018",2695.81,"2,683.73","2,695.89","2,682.36",-,0.83%
516,"Jan 03, 2018",2713.06,"2,697.85","2,714.37","2,697.77",-,0.64%
517,"Jan 04, 2018",2723.99,"2,719.31","2,729.29","2,719.07",-,0.40%
518,"Jan 05, 2018",2743.15,"2,731.33","2,743.45","2,727.92",-,0.70%
519,"Jan 08, 2018",2747.71,"2,742.67","2,748.51","2,737.60",-,0.17%
520,"Jan 09, 2018",2751.29,"2,751.15","2,759.14","2,747.86",-,0.13%
521,"Jan 10, 2018",2748.23,"2,745.55","2,750.80","2,736.06",-,-0.11%
522,"Jan 11, 2018",2767.56,"2,752.97","2,767.56","2,752.78",-,0.70%
523,"Jan 12, 2018",2786.24,"2,770.18","2,787.85","2,769.64",-,0.67%
524,"Jan 16, 2018",2776.42,"2,798.96","2,807.54","2,768.64",-,-0.35%
525,"Jan 17, 2018",2802.56,"2,784.99","2,807.04","2,778.38",-,0.94%
526,"Jan 18, 2018",2798.03,"2,802.40","2,805.83","2,792.56",-,-0.16%
527,"Jan 19, 2018",2810.3,"2,802.60","2,810.33","2,798.08",-,0.44%
528,"Jan 22, 2018",2832.97,"2,809.16","2,833.03","2,808.12",-,0.81%
529,"Jan 23, 2018",2839.13,"2,835.05","2,842.24","2,830.59",-,0.22%
530,"Jan 24, 2018",2837.54,"2,845.42","2,852.97","2,824.81",-,-0.06%
531,"Jan 25, 2018",2839.25,"2,846.24","2,848.56","2,830.94",-,0.06%
532,"Jan 26, 2018",2872.87,"2,847.48","2,872.87","2,846.18",-,1.18%
533,"Jan 29, 2018",2853.53,"2,867.23","2,870.62","2,851.48",-,-0.67%
534,"Jan 30, 2018",2822.43,"2,832.74","2,837.75","2,818.27",-,-1.09%
535,"Jan 31, 2018",2823.81,"2,832.41","2,839.26","2,813.04",-,0.05%
536,"Feb 01, 2018",2821.98,"2,816.45","2,835.96","2,812.70",-,-0.06%
537,"Feb 02, 2018",2762.13,"2,808.92","2,808.92","2,759.97",-,-2.12%
538,"Feb 05, 2018",2648.94,"2,741.06","2,763.39","2,638.17",-,-4.10%
539,"Feb 06, 2018",2695.14,"2,614.78","2,701.04","2,593.07",-,1.74%
540,"Feb 07, 2018",2681.66,"2,690.95","2,727.67","2,681.33",-,-0.50%
541,"Feb 08, 2018",2581,"2,685.01","2,685.27","2,580.56",-,-3.75%
542,"Feb 09, 2018",2619.55,"2,601.78","2,638.67","2,532.69",-,1.49%
543,"Feb 12, 2018",2656,"2,636.75","2,672.61","2,622.45",-,1.39%
544,"Feb 13, 2018",2662.94,"2,646.27","2,668.84","2,637.08",-,0.26%
545,"Feb 14, 2018",2698.63,"2,651.21","2,702.10","2,648.87",-,1.34%
546,"Feb 15, 2018",2731.2,"2,713.46","2,731.51","2,689.82",-,1.21%
547,"Feb 16, 2018",2732.22,"2,727.14","2,754.42","2,725.11",-,0.04%
548,"Feb 20, 2018",2716.26,"2,722.99","2,737.60","2,706.76",-,-0.58%
549,"Feb 21, 2018",2701.33,"2,720.53","2,747.75","2,701.29",-,-0.55%
550,"Feb 22, 2018",2703.96,"2,710.42","2,731.26","2,697.77",-,0.10%
551,"Feb 23, 2018",2747.3,"2,715.80","2,747.76","2,713.74",-,1.60%
552,"Feb 26, 2018",2779.6,"2,757.37","2,780.64","2,753.78",-,1.18%
553,"Feb 27, 2018",2744.28,"2,780.45","2,789.15","2,744.22",-,-1.27%
554,"Feb 28, 2018",2713.83,"2,753.78","2,761.52","2,713.54",-,-1.11%
555,"Mar 01, 2018",2677.67,"2,715.22","2,730.89","2,659.65",-,-1.33%
556,"Mar 02, 2018",2691.25,"2,658.89","2,696.25","2,647.32",-,0.51%
557,"Mar 05, 2018",2720.94,"2,681.06","2,728.09","2,675.75",-,1.10%
558,"Mar 06, 2018",2728.12,"2,730.18","2,732.08","2,711.26",-,0.26%
559,"Mar 07, 2018",2726.8,"2,710.18","2,730.60","2,701.74",-,-0.05%
560,"Mar 08, 2018",2738.97,"2,732.75","2,740.45","2,722.65",-,0.45%
561,"Mar 09, 2018",2786.57,"2,752.91","2,786.57","2,751.54",-,1.74%
562,"Mar 12, 2018",2783.02,"2,790.54","2,796.98","2,779.26",-,-0.13%
563,"Mar 13, 2018",2765.31,"2,792.31","2,801.90","2,758.68",-,-0.64%
564,"Mar 14, 2018",2749.48,"2,774.06","2,777.11","2,744.38",-,-0.57%
565,"Mar 15, 2018",2747.33,"2,754.27","2,763.03","2,741.47",-,-0.08%
566,"Mar 16, 2018",2752.01,"2,750.57","2,761.85","2,749.97",-,0.17%
567,"Mar 19, 2018",2712.92,"2,741.38","2,741.38","2,694.59",-,-1.42%
568,"Mar 20, 2018",2716.94,"2,715.05","2,724.22","2,710.05",-,0.15%
569,"Mar 21, 2018",2711.93,"2,714.99","2,739.14","2,709.79",-,-0.18%
570,"Mar 22, 2018",2643.69,"2,691.36","2,695.68","2,641.59",-,-2.52%
571,"Mar 23, 2018",2588.26,"2,646.71","2,657.67","2,585.89",-,-2.10%
572,"Mar 26, 2018",2658.55,"2,619.35","2,661.36","2,601.81",-,2.72%
573,"Mar 27, 2018",2612.62,"2,667.57","2,674.78","2,596.12",-,-1.73%
574,"Mar 28, 2018",2605,"2,611.30","2,632.65","2,593.06",-,-0.29%
575,"Mar 29, 2018",2640.87,"2,614.41","2,659.07","2,609.72",-,1.38%
576,"Apr 02, 2018",2581.88,"2,633.45","2,638.30","2,553.80",-,-2.23%
577,"Apr 03, 2018",2614.45,"2,592.17","2,619.14","2,575.49",-,1.26%
578,"Apr 04, 2018",2644.69,"2,584.04","2,649.86","2,573.61",-,1.16%
579,"Apr 05, 2018",2662.84,"2,657.36","2,672.08","2,649.58",-,0.69%
580,"Apr 06, 2018",2604.47,"2,645.82","2,656.88","2,586.27",-,-2.19%
581,"Apr 09, 2018",2613.16,"2,617.18","2,653.55","2,610.79",-,0.33%
582,"Apr 10, 2018",2656.87,"2,638.41","2,665.45","2,635.78",-,1.67%
583,"Apr 11, 2018",2642.19,"2,643.89","2,661.43","2,639.25",-,-0.55%
584,"Apr 12, 2018",2663.99,"2,653.83","2,674.72","2,653.83",-,0.83%
585,"Apr 13, 2018",2656.3,"2,676.90","2,680.26","2,645.05",-,-0.29%
586,"Apr 16, 2018",2677.84,"2,670.10","2,686.49","2,665.16",-,0.81%
587,"Apr 17, 2018",2706.39,"2,692.74","2,713.34","2,692.05",-,1.07%
588,"Apr 18, 2018",2708.64,"2,710.11","2,717.49","2,703.63",-,0.08%
589,"Apr 19, 2018",2693.13,"2,701.16","2,702.84","2,681.90",-,-0.57%
590,"Apr 20, 2018",2670.14,"2,692.56","2,693.94","2,660.61",-,-0.85%
591,"Apr 23, 2018",2670.29,"2,675.40","2,682.86","2,657.99",-,0.01%
592,"Apr 24, 2018",2634.56,"2,680.80","2,683.55","2,617.32",-,-1.34%
593,"Apr 25, 2018",2639.4,"2,634.92","2,645.30","2,612.67",-,0.18%
594,"Apr 26, 2018",2666.94,"2,651.65","2,676.48","2,647.16",-,1.04%
595,"Apr 27, 2018",2669.91,"2,675.47","2,677.35","2,659.01",-,0.11%
596,"Apr 30, 2018",2648.05,"2,675.05","2,682.92","2,648.04",-,-0.82%
597,"May 01, 2018",2654.8,"2,643.64","2,655.27","2,625.41",-,0.25%
598,"May 02, 2018",2635.67,"2,654.24","2,660.87","2,631.70",-,-0.72%
599,"May 03, 2018",2629.73,"2,628.08","2,637.14","2,594.62",-,-0.23%
600,"May 04, 2018",2663.42,"2,621.45","2,670.93","2,615.32",-,1.28%
601,"May 07, 2018",2672.63,"2,669.36","2,683.35","2,664.70",-,0.35%
602,"May 08, 2018",2671.92,"2,670.26","2,676.34","2,655.20",-,-0.03%
603,"May 09, 2018",2697.79,"2,678.12","2,701.27","2,674.14",-,0.97%
604,"May 10, 2018",2723.07,"2,705.02","2,726.11","2,704.54",-,0.94%
605,"May 11, 2018",2727.72,"2,722.70","2,732.86","2,717.45",-,0.17%
606,"May 14, 2018",2730.13,"2,733.37","2,742.10","2,725.47",-,0.09%
607,"May 15, 2018",2711.45,"2,718.59","2,718.59","2,701.91",-,-0.68%
608,"May 16, 2018",2722.46,"2,712.62","2,727.76","2,712.17",-,0.41%
609,"May 17, 2018",2720.13,"2,719.71","2,731.96","2,711.36",-,-0.09%
610,"May 18, 2018",2712.97,"2,717.35","2,719.50","2,709.18",-,-0.26%
611,"May 21, 2018",2733.01,"2,725.95","2,739.19","2,725.70",-,0.74%
612,"May 22, 2018",2724.44,"2,738.34","2,742.24","2,721.88",-,-0.31%
613,"May 23, 2018",2733.29,"2,713.98","2,733.33","2,709.54",-,0.32%
614,"May 24, 2018",2727.76,"2,730.94","2,731.97","2,707.38",-,-0.20%
615,"May 25, 2018",2721.33,"2,723.60","2,727.36","2,714.99",-,-0.24%
616,"May 29, 2018",2689.86,"2,705.11","2,710.67","2,676.81",-,-1.16%
617,"May 30, 2018",2724.01,"2,702.43","2,729.34","2,702.43",-,1.27%
618,"May 31, 2018",2705.27,"2,720.98","2,722.50","2,700.68",-,-0.69%
619,"Jun 01, 2018",2734.62,"2,718.70","2,736.93","2,718.70",-,1.08%
620,"Jun 04, 2018",2746.87,"2,741.67","2,749.16","2,740.54",-,0.45%
621,"Jun 05, 2018",2748.8,"2,748.46","2,752.61","2,739.51",-,0.07%
622,"Jun 06, 2018",2772.35,"2,753.25","2,772.39","2,748.46",-,0.86%
623,"Jun 07, 2018",2770.37,"2,774.84","2,779.90","2,760.16",-,-0.07%
624,"Jun 08, 2018",2779.03,"2,765.84","2,779.39","2,763.59",-,0.31%
625,"Jun 11, 2018",2782,"2,780.18","2,790.21","2,780.17",-,0.11%
626,"Jun 12, 2018",2786.85,"2,785.60","2,789.80","2,778.78",-,0.17%
627,"Jun 13, 2018",2775.63,"2,787.94","2,791.47","2,774.65",-,-0.40%
628,"Jun 14, 2018",2782.49,"2,783.21","2,789.06","2,776.52",-,0.25%
629,"Jun 15, 2018",2779.66,"2,777.78","2,782.81","2,761.73",-,-0.10%
630,"Jun 18, 2018",2773.75,"2,765.79","2,774.99","2,757.12",-,-0.21%
631,"Jun 19, 2018",2762.59,"2,752.01","2,765.05","2,743.19",-,-0.40%
632,"Jun 20, 2018",2767.32,"2,769.73","2,774.86","2,763.91",-,0.17%
633,"Jun 21, 2018",2749.76,"2,769.28","2,769.28","2,744.39",-,-0.63%
634,"Jun 22, 2018",2754.88,"2,760.79","2,764.17","2,752.68",-,0.19%
635,"Jun 25, 2018",2717.07,"2,742.94","2,742.94","2,698.67",-,-1.37%
636,"Jun 26, 2018",2723.06,"2,722.12","2,732.91","2,715.60",-,0.22%
637,"Jun 27, 2018",2699.63,"2,728.45","2,746.09","2,699.38",-,-0.86%
638,"Jun 28, 2018",2716.31,"2,698.69","2,724.34","2,691.99",-,0.62%
639,"Jun 29, 2018",2718.37,"2,727.13","2,743.26","2,718.03",-,0.08%
640,"Jul 02, 2018",2726.71,"2,704.95","2,727.26","2,698.95",-,0.31%
641,"Jul 03, 2018",2713.22,"2,733.27","2,736.58","2,711.16",-,-0.49%
642,"Jul 05, 2018",2736.61,"2,724.19","2,737.83","2,716.02",-,0.86%
643,"Jul 06, 2018",2759.82,"2,737.68","2,764.41","2,733.52",-,0.85%
644,"Jul 09, 2018",2784.17,"2,768.51","2,784.65","2,768.51",-,0.88%
645,"Jul 10, 2018",2793.84,"2,788.56","2,795.58","2,786.24",-,0.35%
646,"Jul 11, 2018",2774.02,"2,779.82","2,785.91","2,770.77",-,-0.71%
647,"Jul 12, 2018",2798.29,"2,783.14","2,799.22","2,781.53",-,0.87%
648,"Jul 13, 2018",2801.31,"2,796.93","2,804.53","2,791.69",-,0.11%
649,"Jul 16, 2018",2798.43,"2,801.43","2,803.71","2,793.39",-,-0.10%
650,"Jul 17, 2018",2809.55,"2,789.34","2,814.19","2,789.24",-,0.40%
651,"Jul 18, 2018",2815.62,"2,811.35","2,816.76","2,805.89",-,0.22%
652,"Jul 19, 2018",2804.49,"2,809.37","2,812.05","2,799.77",-,-0.40%
653,"Jul 20, 2018",2801.83,"2,804.55","2,809.70","2,800.01",-,-0.09%
654,"Jul 23, 2018",2806.98,"2,799.17","2,808.61","2,795.14",-,0.18%
655,"Jul 24, 2018",2820.4,"2,820.68","2,829.99","2,811.12",-,0.48%
656,"Jul 25, 2018",2846.07,"2,817.73","2,848.03","2,817.73",-,0.91%
657,"Jul 26, 2018",2837.44,"2,835.49","2,845.57","2,835.26",-,-0.30%
658,"Jul 27, 2018",2818.82,"2,842.35","2,843.17","2,808.34",-,-0.66%
659,"Jul 30, 2018",2802.6,"2,819.00","2,821.74","2,798.11",-,-0.58%
660,"Jul 31, 2018",2816.29,"2,809.73","2,824.46","2,808.06",-,0.49%
661,"Aug 01, 2018",2813.36,"2,821.17","2,825.83","2,805.85",-,-0.10%
662,"Aug 02, 2018",2827.22,"2,800.48","2,829.91","2,796.34",-,0.49%
663,"Aug 03, 2018",2840.35,"2,829.62","2,840.38","2,827.37",-,0.46%
664,"Aug 06, 2018",2850.4,"2,840.29","2,853.29","2,835.98",-,0.35%
665,"Aug 07, 2018",2858.45,"2,855.92","2,863.43","2,855.92",-,0.28%
666,"Aug 08, 2018",2857.7,"2,856.79","2,862.44","2,853.09",-,-0.03%
667,"Aug 09, 2018",2853.58,"2,857.19","2,862.48","2,851.98",-,-0.14%
668,"Aug 10, 2018",2833.28,"2,839.64","2,842.20","2,825.81",-,-0.71%
669,"Aug 13, 2018",2821.93,"2,835.46","2,843.40","2,819.88",-,-0.40%
670,"Aug 14, 2018",2839.96,"2,827.88","2,843.11","2,826.58",-,0.64%
671,"Aug 15, 2018",2818.37,"2,827.95","2,827.95","2,802.49",-,-0.76%
672,"Aug 16, 2018",2840.69,"2,831.44","2,850.49","2,831.44",-,0.79%
673,"Aug 17, 2018",2850.13,"2,838.32","2,855.63","2,833.73",-,0.33%
674,"Aug 20, 2018",2857.05,"2,853.93","2,859.76","2,850.62",-,0.24%
675,"Aug 21, 2018",2862.96,"2,861.51","2,873.23","2,861.32",-,0.21%
676,"Aug 22, 2018",2861.82,"2,860.99","2,867.54","2,856.05",-,-0.04%
677,"Aug 23, 2018",2856.98,"2,860.29","2,868.78","2,854.03",-,-0.17%
678,"Aug 24, 2018",2874.69,"2,862.35","2,876.16","2,862.35",-,0.62%
679,"Aug 27, 2018",2896.74,"2,884.69","2,898.25","2,884.69",-,0.77%
680,"Aug 28, 2018",2897.52,"2,901.45","2,903.77","2,893.50",-,0.03%
681,"Aug 29, 2018",2914.04,"2,900.62","2,916.50","2,898.40",-,0.57%
682,"Aug 30, 2018",2901.13,"2,908.94","2,912.46","2,895.22",-,-0.44%
683,"Aug 31, 2018",2901.52,"2,898.37","2,906.32","2,891.73",-,0.01%
684,"Sep 04, 2018",2896.72,"2,896.96","2,900.18","2,885.13",-,-0.17%
685,"Sep 05, 2018",2888.6,"2,891.59","2,894.21","2,876.92",-,-0.28%
686,"Sep 06, 2018",2878.05,"2,888.64","2,892.05","2,867.29",-,-0.37%
687,"Sep 07, 2018",2871.68,"2,868.26","2,883.81","2,864.12",-,-0.22%
688,"Sep 10, 2018",2877.13,"2,881.39","2,886.93","2,875.94",-,0.19%
689,"Sep 11, 2018",2887.89,"2,871.57","2,892.52","2,866.78",-,0.37%
690,"Sep 12, 2018",2888.92,"2,888.29","2,894.65","2,879.20",-,0.04%
691,"Sep 13, 2018",2904.18,"2,896.85","2,906.76","2,896.39",-,0.53%
692,"Sep 14, 2018",2904.98,"2,906.38","2,908.30","2,895.77",-,0.03%
693,"Sep 17, 2018",2888.8,"2,903.83","2,904.65","2,886.16",-,-0.56%
694,"Sep 18, 2018",2904.31,"2,890.74","2,911.17","2,890.43",-,0.54%
695,"Sep 19, 2018",2907.95,"2,906.60","2,912.36","2,903.82",-,0.13%
696,"Sep 20, 2018",2930.75,"2,919.73","2,934.80","2,919.73",-,0.78%
697,"Sep 21, 2018",2929.67,"2,936.76","2,940.91","2,927.11",-,-0.04%
698,"Sep 24, 2018",2919.37,"2,921.83","2,923.79","2,912.63",-,-0.35%
699,"Sep 25, 2018",2915.56,"2,921.75","2,923.95","2,913.70",-,-0.13%
700,"Sep 26, 2018",2905.97,"2,916.98","2,931.15","2,903.28",-,-0.33%
701,"Sep 27, 2018",2914,"2,911.65","2,927.22","2,909.27",-,0.28%
702,"Sep 28, 2018",2913.98,"2,910.03","2,920.53","2,907.50",-,0.00%
703,"Oct 01, 2018",2924.59,"2,926.29","2,937.06","2,917.91",-,0.36%
704,"Oct 02, 2018",2923.43,"2,923.80","2,931.42","2,919.37",-,-0.04%
705,"Oct 03, 2018",2925.51,"2,931.69","2,939.86","2,921.36",-,0.07%
706,"Oct 04, 2018",2901.61,"2,919.35","2,919.78","2,883.92",-,-0.82%
707,"Oct 05, 2018",2885.57,"2,902.54","2,909.64","2,869.29",-,-0.55%
708,"Oct 08, 2018",2884.43,"2,877.53","2,889.45","2,862.08",-,-0.04%
709,"Oct 09, 2018",2880.34,"2,882.51","2,894.83","2,874.27",-,-0.14%
710,"Oct 10, 2018",2785.68,"2,873.90","2,874.02","2,784.86",-,-3.29%
711,"Oct 11, 2018",2728.37,"2,776.87","2,795.14","2,710.51",-,-2.06%
712,"Oct 12, 2018",2767.13,"2,770.54","2,775.77","2,729.44",-,1.42%
713,"Oct 15, 2018",2750.79,"2,763.83","2,775.99","2,749.03",-,-0.59%
714,"Oct 16, 2018",2809.92,"2,767.05","2,813.46","2,766.91",-,2.15%
715,"Oct 17, 2018",2809.21,"2,811.67","2,816.94","2,781.81",-,-0.03%
716,"Oct 18, 2018",2768.78,"2,802.00","2,806.04","2,755.18",-,-1.44%
717,"Oct 19, 2018",2767.78,"2,775.66","2,797.77","2,760.27",-,-0.04%
718,"Oct 22, 2018",2755.88,"2,773.94","2,778.94","2,749.22",-,-0.43%
719,"Oct 23, 2018",2740.69,"2,721.03","2,753.59","2,691.43",-,-0.55%
720,"Oct 24, 2018",2656.1,"2,737.87","2,742.59","2,651.89",-,-3.09%
721,"Oct 25, 2018",2705.57,"2,674.88","2,722.70","2,667.84",-,1.86%
722,"Oct 26, 2018",2658.69,"2,667.86","2,692.38","2,628.16",-,-1.73%
723,"Oct 29, 2018",2641.25,"2,682.65","2,706.85","2,603.54",-,-0.66%
724,"Oct 30, 2018",2682.63,"2,640.68","2,685.43","2,635.34",-,1.57%
725,"Oct 31, 2018",2711.74,"2,705.60","2,736.69","2,705.60",-,1.09%
726,"Nov 01, 2018",2740.37,"2,717.58","2,741.67","2,708.85",-,1.06%
727,"Nov 02, 2018",2723.06,"2,745.45","2,756.55","2,700.44",-,-0.63%
728,"Nov 05, 2018",2738.31,"2,726.37","2,744.27","2,717.94",-,0.56%
729,"Nov 06, 2018",2755.45,"2,738.40","2,756.82","2,737.08",-,0.63%
730,"Nov 07, 2018",2813.89,"2,774.13","2,815.15","2,774.13",-,2.12%
731,"Nov 08, 2018",2806.83,"2,806.38","2,814.75","2,794.99",-,-0.25%
732,"Nov 09, 2018",2781.01,"2,794.10","2,794.10","2,764.24",-,-0.92%
733,"Nov 12, 2018",2726.22,"2,773.93","2,775.99","2,722.00",-,-1.97%
734,"Nov 13, 2018",2722.18,"2,730.05","2,754.60","2,714.98",-,-0.15%
735,"Nov 14, 2018",2701.58,"2,737.90","2,746.80","2,685.75",-,-0.76%
736,"Nov 15, 2018",2730.2,"2,693.52","2,735.38","2,670.75",-,1.06%
737,"Nov 16, 2018",2736.27,"2,718.54","2,746.75","2,712.16",-,0.22%
738,"Nov 19, 2018",2690.73,"2,730.74","2,733.16","2,681.09",-,-1.66%
739,"Nov 20, 2018",2641.89,"2,654.60","2,669.44","2,631.52",-,-1.82%
740,"Nov 21, 2018",2649.93,"2,657.74","2,670.73","2,649.82",-,0.30%
741,"Nov 23, 2018",2632.56,"2,633.36","2,647.55","2,631.09",-,-0.66%
742,"Nov 26, 2018",2673.45,"2,649.97","2,674.35","2,649.97",-,1.55%
743,"Nov 27, 2018",2682.17,"2,663.75","2,682.53","2,655.89",-,0.33%
744,"Nov 28, 2018",2743.79,"2,691.45","2,744.00","2,684.38",-,2.30%
745,"Nov 29, 2018",2737.76,"2,736.97","2,753.75","2,722.94",-,-0.22%
746,"Nov 30, 2018",2760.17,"2,737.76","2,760.88","2,732.76",-,0.82%
747,"Dec 03, 2018",2790.37,"2,790.50","2,800.18","2,773.38",-,1.09%
748,"Dec 04, 2018",2700.06,"2,782.43","2,785.93","2,697.18",-,-3.24%
749,"Dec 06, 2018",2695.95,"2,663.51","2,696.15","2,621.53",-,-0.15%
750,"Dec 07, 2018",2633.08,"2,691.26","2,708.54","2,623.14",-,-2.33%
751,"Dec 10, 2018",2637.72,"2,630.86","2,647.51","2,583.23",-,0.18%
752,"Dec 11, 2018",2636.78,"2,664.44","2,674.35","2,621.30",-,-0.04%
753,"Dec 12, 2018",2651.07,"2,658.23","2,685.44","2,650.26",-,0.54%
754,"Dec 13, 2018",2650.54,"2,658.70","2,670.19","2,637.27",-,-0.02%
755,"Dec 14, 2018",2599.95,"2,629.68","2,635.07","2,593.84",-,-1.91%
756,"Dec 17, 2018",2545.94,"2,590.75","2,601.13","2,530.54",-,-2.08%
757,"Dec 18, 2018",2546.16,"2,559.90","2,573.99","2,528.71",-,0.01%
758,"Dec 19, 2018",2506.96,"2,547.05","2,585.29","2,488.96",-,-1.54%
759,"Dec 20, 2018",2467.42,"2,496.77","2,509.63","2,441.18",-,-1.58%
760,"Dec 21, 2018",2416.62,"2,465.38","2,504.41","2,408.55",-,-2.06%
761,"Dec 24, 2018",2351.1,"2,400.56","2,410.34","2,351.10",-,-2.71%
762,"Dec 26, 2018",2467.7,"2,363.12","2,467.76","2,346.58",-,4.96%
763,"Dec 27, 2018",2488.83,"2,442.50","2,489.10","2,397.94",-,0.86%
764,"Dec 28, 2018",2485.74,"2,498.77","2,520.27","2,472.89",-,-0.12%
765,"Dec 31, 2018",2506.85,"2,498.94","2,509.24","2,482.82",-,0.85%
766,"Jan 02, 2019",2510.03,"2,476.96","2,519.49","2,467.47",-,0.13%
767,"Jan 03, 2019",2447.89,"2,491.92","2,493.14","2,443.96",-,-2.48%
768,"Jan 04, 2019",2531.94,"2,474.33","2,538.07","2,474.33",-,3.43%
769,"Jan 07, 2019",2549.69,"2,535.61","2,566.16","2,524.56",-,0.70%
770,"Jan 08, 2019",2574.41,"2,568.11","2,579.82","2,547.56",-,0.97%
771,"Jan 09, 2019",2584.96,"2,580.00","2,595.32","2,568.89",-,0.41%
772,"Jan 10, 2019",2596.64,"2,573.51","2,597.82","2,562.02",-,0.45%
773,"Jan 11, 2019",2596.26,"2,588.11","2,596.27","2,577.40",-,-0.01%
774,"Jan 14, 2019",2582.61,"2,580.31","2,589.32","2,570.41",-,-0.53%
775,"Jan 15, 2019",2610.3,"2,585.10","2,613.08","2,585.10",-,1.07%
776,"Jan 16, 2019",2616.1,"2,614.75","2,625.76","2,612.68",-,0.22%
777,"Jan 17, 2019",2635.96,"2,609.28","2,645.06","2,606.36",-,0.76%
778,"Jan 18, 2019",2670.71,"2,651.27","2,675.47","2,647.58",-,1.32%
779,"Jan 22, 2019",2632.9,"2,657.88","2,657.88","2,617.27",-,-1.42%
780,"Jan 23, 2019",2638.7,"2,643.48","2,653.19","2,612.86",-,0.22%
781,"Jan 24, 2019",2642.33,"2,638.84","2,647.20","2,627.01",-,0.14%
782,"Jan 25, 2019",2664.76,"2,657.44","2,672.38","2,657.33",-,0.85%
783,"Jan 28, 2019",2643.85,"2,644.97","2,644.97","2,624.06",-,-0.78%
784,"Jan 29, 2019",2640,"2,644.89","2,650.93","2,631.05",-,-0.15%
785,"Jan 30, 2019",2681.05,"2,653.62","2,690.44","2,648.34",-,1.55%
786,"Jan 31, 2019",2704.1,"2,685.49","2,708.95","2,678.65",-,0.86%
787,"Feb 01, 2019",2706.53,"2,702.32","2,716.66","2,696.88",-,0.09%
788,"Feb 04, 2019",2724.87,"2,706.49","2,724.99","2,698.75",-,0.68%
789,"Feb 05, 2019",2737.7,"2,728.34","2,738.98","2,724.03",-,0.47%
790,"Feb 06, 2019",2731.61,"2,735.05","2,738.08","2,724.15",-,-0.22%
791,"Feb 07, 2019",2706.05,"2,717.53","2,719.32","2,687.26",-,-0.94%
792,"Feb 08, 2019",2707.88,"2,692.36","2,708.07","2,681.83",-,0.07%
793,"Feb 11, 2019",2709.8,"2,712.40","2,718.05","2,703.79",-,0.07%
794,"Feb 12, 2019",2744.73,"2,722.61","2,748.19","2,722.61",-,1.29%
795,"Feb 13, 2019",2753.03,"2,750.30","2,761.85","2,748.63",-,0.30%
796,"Feb 14, 2019",2745.73,"2,743.50","2,757.90","2,731.23",-,-0.27%
797,"Feb 15, 2019",2775.6,"2,760.24","2,775.66","2,760.24",-,1.09%
798,"Feb 19, 2019",2779.76,"2,769.28","2,787.33","2,767.29",-,0.15%
799,"Feb 20, 2019",2784.7,"2,779.05","2,789.88","2,774.06",-,0.18%
800,"Feb 21, 2019",2774.88,"2,780.24","2,781.58","2,764.55",-,-0.35%
801,"Feb 22, 2019",2792.67,"2,780.67","2,794.20","2,779.11",-,0.64%
802,"Feb 25, 2019",2796.11,"2,804.35","2,813.49","2,794.99",-,0.12%
803,"Feb 26, 2019",2793.9,"2,792.36","2,803.12","2,789.47",-,-0.08%
804,"Feb 27, 2019",2792.38,"2,787.50","2,795.76","2,775.13",-,-0.05%
805,"Feb 28, 2019",2784.49,"2,788.11","2,793.73","2,782.51",-,-0.28%
806,"Mar 01, 2019",2803.69,"2,798.22","2,808.02","2,787.38",-,0.69%
807,"Mar 04, 2019",2792.81,"2,814.37","2,816.88","2,767.66",-,-0.39%
808,"Mar 05, 2019",2789.65,"2,794.41","2,796.44","2,782.97",-,-0.11%
809,"Mar 06, 2019",2771.45,"2,790.27","2,790.27","2,768.69",-,-0.65%
810,"Mar 07, 2019",2748.93,"2,766.53","2,767.25","2,739.09",-,-0.81%
811,"Mar 08, 2019",2743.07,"2,730.79","2,744.13","2,722.27",-,-0.21%
812,"Mar 11, 2019",2783.3,"2,747.61","2,784.00","2,747.61",-,1.47%
813,"Mar 12, 2019",2791.52,"2,787.34","2,798.32","2,786.73",-,0.30%
814,"Mar 13, 2019",2810.92,"2,799.78","2,821.24","2,799.78",-,0.69%
815,"Mar 14, 2019",2808.48,"2,810.38","2,815.00","2,803.46",-,-0.09%
816,"Mar 15, 2019",2822.48,"2,810.79","2,830.73","2,810.79",-,0.50%
817,"Mar 18, 2019",2832.94,"2,822.61","2,835.41","2,821.99",-,0.37%
818,"Mar 19, 2019",2832.57,"2,840.76","2,852.42","2,823.27",-,-0.01%
819,"Mar 20, 2019",2824.23,"2,831.34","2,843.54","2,812.43",-,-0.29%
820,"Mar 21, 2019",2854.88,"2,819.72","2,860.31","2,817.38",-,1.09%
821,"Mar 22, 2019",2800.71,"2,844.52","2,846.16","2,800.47",-,-1.90%
822,"Mar 25, 2019",2798.36,"2,796.01","2,809.79","2,785.02",-,-0.08%
823,"Mar 26, 2019",2818.46,"2,812.66","2,829.87","2,803.99",-,0.72%
824,"Mar 27, 2019",2805.37,"2,819.72","2,825.56","2,787.72",-,-0.46%
825,"Mar 28, 2019",2815.44,"2,809.40","2,819.71","2,798.77",-,0.36%
826,"Mar 29, 2019",2834.4,"2,828.27","2,836.03","2,819.23",-,0.67%
827,"Apr 01, 2019",2867.19,"2,848.63","2,869.40","2,848.63",-,1.16%
828,"Apr 02, 2019",2867.24,"2,868.24","2,872.90","2,858.75",-,0.00%
829,"Apr 03, 2019",2873.4,"2,876.09","2,885.25","2,865.17",-,0.21%
830,"Apr 04, 2019",2879.39,"2,873.99","2,881.28","2,867.14",-,0.21%
831,"Apr 05, 2019",2892.74,"2,884.16","2,893.24","2,882.99",-,0.46%
832,"Apr 08, 2019",2895.77,"2,888.46","2,895.95","2,880.78",-,0.10%
833,"Apr 09, 2019",2878.2,"2,886.58","2,886.88","2,873.33",-,-0.61%
834,"Apr 10, 2019",2888.21,"2,881.37","2,889.71","2,879.13",-,0.35%
835,"Apr 11, 2019",2888.32,"2,891.92","2,893.42","2,881.99",-,0.00%
836,"Apr 12, 2019",2907.41,"2,900.86","2,910.54","2,898.37",-,0.66%
837,"Apr 15, 2019",2905.58,"2,908.32","2,909.60","2,896.48",-,-0.06%
838,"Apr 16, 2019",2907.06,"2,912.26","2,916.06","2,900.71",-,0.05%
839,"Apr 17, 2019",2900.45,"2,916.04","2,918.00","2,895.45",-,-0.23%
840,"Apr 18, 2019",2905.03,"2,904.81","2,908.40","2,891.90",-,0.16%
841,"Apr 22, 2019",2907.97,"2,898.78","2,909.51","2,896.35",-,0.10%
842,"Apr 23, 2019",2933.68,"2,909.99","2,936.31","2,908.53",-,0.88%
843,"Apr 24, 2019",2927.25,"2,934.00","2,936.83","2,926.05",-,-0.22%
844,"Apr 25, 2019",2926.17,"2,928.99","2,933.10","2,912.84",-,-0.04%
845,"Apr 26, 2019",2939.88,"2,925.81","2,939.88","2,917.56",-,0.47%
846,"Apr 29, 2019",2943.03,"2,940.58","2,949.52","2,939.35",-,0.11%
847,"Apr 30, 2019",2945.83,"2,937.14","2,948.22","2,924.11",-,0.10%
848,"May 01, 2019",2923.73,"2,952.33","2,954.13","2,923.36",-,-0.75%
849,"May 02, 2019",2917.52,"2,922.16","2,931.68","2,900.50",-,-0.21%
850,"May 03, 2019",2945.64,"2,929.21","2,947.85","2,929.21",-,0.96%
851,"May 06, 2019",2932.47,"2,908.89","2,937.32","2,898.21",-,-0.45%
852,"May 07, 2019",2884.05,"2,913.03","2,913.03","2,862.60",-,-1.65%
853,"May 08, 2019",2879.42,"2,879.61","2,897.96","2,873.28",-,-0.16%
854,"May 09, 2019",2870.72,"2,859.84","2,875.97","2,836.40",-,-0.30%
855,"May 10, 2019",2881.4,"2,863.10","2,891.31","2,825.39",-,0.37%
856,"May 13, 2019",2811.87,"2,840.19","2,840.19","2,801.43",-,-2.41%
857,"May 14, 2019",2834.41,"2,820.12","2,852.54","2,820.12",-,0.80%
858,"May 15, 2019",2850.96,"2,820.38","2,858.68","2,815.08",-,0.58%
859,"May 16, 2019",2876.32,"2,855.80","2,892.15","2,855.80",-,0.89%
860,"May 17, 2019",2859.53,"2,858.60","2,885.48","2,854.23",-,-0.58%
861,"May 20, 2019",2840.23,"2,841.94","2,853.86","2,831.29",-,-0.67%
862,"May 21, 2019",2864.36,"2,854.02","2,868.88","2,854.02",-,0.85%
863,"May 22, 2019",2856.27,"2,856.06","2,865.47","2,851.11",-,-0.28%
864,"May 23, 2019",2822.24,"2,836.70","2,836.70","2,805.49",-,-1.19%
865,"May 24, 2019",2826.06,"2,832.41","2,841.36","2,820.19",-,0.14%
866,"May 28, 2019",2802.39,"2,830.03","2,840.51","2,801.58",-,-0.84%
867,"May 29, 2019",2783.02,"2,790.25","2,792.03","2,766.06",-,-0.69%
868,"May 30, 2019",2788.86,"2,786.94","2,799.00","2,776.74",-,0.21%
869,"May 31, 2019",2752.06,"2,766.15","2,768.98","2,750.52",-,-1.32%
870,"Jun 03, 2019",2744.45,"2,751.53","2,763.07","2,728.81",-,-0.28%
871,"Jun 04, 2019",2803.27,"2,762.64","2,804.49","2,762.64",-,2.14%
872,"Jun 05, 2019",2826.15,"2,818.09","2,827.28","2,800.92",-,0.82%
873,"Jun 06, 2019",2843.49,"2,828.51","2,852.10","2,822.45",-,0.61%
874,"Jun 07, 2019",2873.34,"2,852.87","2,884.97","2,852.87",-,1.05%
875,"Jun 10, 2019",2886.73,"2,885.83","2,904.77","2,885.51",-,0.47%
876,"Jun 11, 2019",2885.72,"2,903.27","2,910.61","2,878.53",-,-0.03%
877,"Jun 12, 2019",2879.84,"2,882.73","2,888.57","2,874.68",-,-0.20%
878,"Jun 13, 2019",2891.64,"2,886.24","2,895.24","2,881.99",-,0.41%
879,"Jun 14, 2019",2886.98,"2,886.82","2,894.45","2,879.62",-,-0.16%
880,"Jun 17, 2019",2889.67,"2,889.75","2,897.27","2,887.30",-,0.09%
881,"Jun 18, 2019",2917.75,"2,906.71","2,930.79","2,905.44",-,0.97%
882,"Jun 19, 2019",2926.46,"2,920.55","2,931.74","2,911.43",-,0.30%
883,"Jun 20, 2019",2954.18,"2,949.60","2,958.06","2,931.50",-,0.95%
884,"Jun 21, 2019",2950.46,"2,952.71","2,964.15","2,946.87",-,-0.13%
885,"Jun 24, 2019",2945.35,"2,951.42","2,954.92","2,944.05",-,-0.17%
886,"Jun 25, 2019",2917.38,"2,945.78","2,946.52","2,916.01",-,-0.95%
887,"Jun 26, 2019",2913.78,"2,926.07","2,932.59","2,912.99",-,-0.12%
888,"Jun 27, 2019",2924.92,"2,919.66","2,929.30","2,918.57",-,0.38%
889,"Jun 28, 2019",2941.76,"2,932.94","2,943.98","2,929.05",-,0.58%
890,"Jul 01, 2019",2964.33,"2,971.41","2,977.93","2,952.22",-,0.77%
891,"Jul 02, 2019",2973.01,"2,964.66","2,973.21","2,955.92",-,0.29%
892,"Jul 03, 2019",2995.82,"2,978.08","2,995.84","2,977.96",-,0.77%
893,"Jul 05, 2019",2990.41,"2,984.25","2,994.03","2,967.97",-,-0.18%
894,"Jul 08, 2019",2975.95,"2,979.77","2,980.76","2,970.09",-,-0.48%
895,"Jul 09, 2019",2979.63,"2,965.52","2,981.90","2,963.44",-,0.12%
896,"Jul 10, 2019",2993.07,"2,989.30","3,002.98","2,984.62",-,0.45%
897,"Jul 11, 2019",2999.91,"2,999.62","3,002.33","2,988.80",-,0.23%
898,"Jul 12, 2019",3013.77,"3,003.36","3,013.92","3,001.87",-,0.46%
899,"Jul 15, 2019",3014.3,"3,017.80","3,017.80","3,008.77",-,0.02%
900,"Jul 16, 2019",3004.04,"3,012.13","3,015.02","3,001.15",-,-0.34%
901,"Jul 17, 2019",2984.42,"3,005.10","3,005.26","2,984.25",-,-0.65%
902,"Jul 18, 2019",2995.11,"2,978.87","2,998.28","2,973.09",-,0.36%
903,"Jul 19, 2019",2976.61,"3,004.26","3,006.02","2,975.86",-,-0.62%
904,"Jul 22, 2019",2985.03,"2,981.93","2,990.71","2,976.65",-,0.28%
905,"Jul 23, 2019",3005.47,"2,994.74","3,005.90","2,988.56",-,0.68%
906,"Jul 24, 2019",3019.56,"2,998.77","3,019.59","2,996.82",-,0.47%
907,"Jul 25, 2019",3003.67,"3,016.26","3,016.31","2,997.24",-,-0.53%
908,"Jul 26, 2019",3025.86,"3,013.25","3,027.98","3,012.59",-,0.74%
909,"Jul 29, 2019",3020.97,"3,024.47","3,025.61","3,014.30",-,-0.16%
910,"Jul 30, 2019",3013.18,"3,007.66","3,017.19","3,000.94",-,-0.26%
911,"Jul 31, 2019",2980.38,"3,016.22","3,017.40","2,958.08",-,-1.09%
912,"Aug 01, 2019",2953.56,"2,980.32","3,013.59","2,945.23",-,-0.90%
913,"Aug 02, 2019",2932.05,"2,943.90","2,945.50","2,914.11",-,-0.73%
914,"Aug 05, 2019",2844.74,"2,898.07","2,898.07","2,822.12",-,-2.98%
915,"Aug 06, 2019",2881.77,"2,861.18","2,884.40","2,847.42",-,1.30%
916,"Aug 07, 2019",2883.98,"2,858.65","2,892.17","2,825.71",-,0.08%
917,"Aug 08, 2019",2938.09,"2,896.21","2,938.72","2,894.47",-,1.88%
918,"Aug 09, 2019",2918.65,"2,930.51","2,935.75","2,900.15",-,-0.66%
919,"Aug 12, 2019",2883.75,"2,907.07","2,907.58","2,873.14",-,-1.20%
920,"Aug 13, 2019",2926.32,"2,880.72","2,943.31","2,877.05",-,1.48%
921,"Aug 14, 2019",2840.6,"2,894.15","2,894.15","2,839.64",-,-2.93%
922,"Aug 15, 2019",2847.6,"2,846.20","2,856.67","2,825.51",-,0.25%
923,"Aug 16, 2019",2888.68,"2,864.74","2,893.63","2,864.74",-,1.44%
924,"Aug 19, 2019",2923.65,"2,913.48","2,931.00","2,913.48",-,1.21%
925,"Aug 20, 2019",2900.51,"2,919.01","2,923.63","2,899.60",-,-0.79%
926,"Aug 21, 2019",2924.43,"2,922.04","2,928.73","2,917.91",-,0.82%
927,"Aug 22, 2019",2922.95,"2,930.94","2,939.08","2,904.51",-,-0.05%
928,"Aug 23, 2019",2847.11,"2,911.07","2,927.01","2,834.97",-,-2.59%
929,"Aug 26, 2019",2878.38,"2,866.70","2,879.27","2,856.00",-,1.10%
930,"Aug 27, 2019",2869.16,"2,893.14","2,898.79","2,860.59",-,-0.32%
931,"Aug 28, 2019",2887.94,"2,861.28","2,890.03","2,853.05",-,0.65%
932,"Aug 29, 2019",2924.58,"2,910.37","2,930.50","2,905.67",-,1.27%
933,"Aug 30, 2019",2926.46,"2,937.09","2,940.43","2,913.32",-,0.06%
934,"Sep 03, 2019",2906.27,"2,909.01","2,914.39","2,891.85",-,-0.69%
935,"Sep 04, 2019",2937.78,"2,924.67","2,938.84","2,921.86",-,1.08%
936,"Sep 05, 2019",2976,"2,960.60","2,985.86","2,960.60",-,1.30%
937,"Sep 06, 2019",2978.71,"2,980.33","2,985.03","2,972.51",-,0.09%
938,"Sep 09, 2019",2978.43,"2,988.43","2,989.43","2,969.39",-,-0.01%
939,"Sep 10, 2019",2979.39,"2,971.01","2,979.39","2,957.01",-,0.03%
940,"Sep 11, 2019",3000.93,"2,981.41","3,000.93","2,975.31",-,0.72%
941,"Sep 12, 2019",3009.57,"3,009.08","3,020.74","3,000.92",-,0.29%
942,"Sep 13, 2019",3007.39,"3,012.21","3,017.33","3,002.90",-,-0.07%
943,"Sep 16, 2019",2997.96,"2,996.41","3,002.19","2,990.67",-,-0.31%
944,"Sep 17, 2019",3005.7,"2,995.67","3,006.21","2,993.73",-,0.26%
945,"Sep 18, 2019",3006.73,"3,001.50","3,007.83","2,978.57",-,0.03%
946,"Sep 19, 2019",3006.79,"3,010.36","3,021.99","3,003.16",-,0.00%
947,"Sep 20, 2019",2992.07,"3,008.42","3,016.37","2,984.68",-,-0.49%
948,"Sep 23, 2019",2991.78,"2,983.50","2,999.15","2,982.23",-,-0.01%
949,"Sep 24, 2019",2966.6,"3,002.43","3,007.98","2,957.73",-,-0.84%
950,"Sep 25, 2019",2984.87,"2,968.35","2,989.82","2,952.86",-,0.62%
951,"Sep 26, 2019",2977.62,"2,985.73","2,987.28","2,963.71",-,-0.24%
952,"Sep 27, 2019",2961.79,"2,985.47","2,987.31","2,945.53",-,-0.53%
953,"Sep 30, 2019",2976.74,"2,967.07","2,983.85","2,967.07",-,0.50%
954,"Oct 01, 2019",2940.25,"2,983.69","2,992.53","2,938.70",-,-1.23%
955,"Oct 02, 2019",2887.61,"2,924.78","2,924.78","2,874.93",-,-1.79%
956,"Oct 03, 2019",2910.63,"2,885.38","2,911.13","2,855.94",-,0.80%
957,"Oct 04, 2019",2952.01,"2,918.56","2,953.74","2,918.56",-,1.42%
958,"Oct 07, 2019",2938.79,"2,944.23","2,959.75","2,935.68",-,-0.45%
959,"Oct 08, 2019",2893.06,"2,920.40","2,925.47","2,892.66",-,-1.56%
960,"Oct 09, 2019",2919.4,"2,911.10","2,929.32","2,907.41",-,0.91%
961,"Oct 10, 2019",2938.13,"2,918.55","2,948.46","2,917.12",-,0.64%
962,"Oct 11, 2019",2970.27,"2,963.07","2,993.28","2,963.07",-,1.09%
963,"Oct 14, 2019",2966.15,"2,965.81","2,972.84","2,962.94",-,-0.14%
964,"Oct 15, 2019",2995.68,"2,973.61","3,003.28","2,973.61",-,1.00%
965,"Oct 16, 2019",2989.69,"2,989.68","2,997.54","2,985.20",-,-0.20%
966,"Oct 17, 2019",2997.95,"3,000.77","3,008.29","2,991.79",-,0.28%
967,"Oct 18, 2019",2986.2,"2,996.84","3,000.00","2,976.31",-,-0.39%
968,"Oct 21, 2019",3006.72,"2,996.48","3,007.33","2,995.35",-,0.69%
969,"Oct 22, 2019",2995.99,"3,010.73","3,014.57","2,995.04",-,-0.36%
970,"Oct 23, 2019",3004.52,"2,994.01","3,004.78","2,991.21",-,0.28%
971,"Oct 24, 2019",3010.29,"3,014.78","3,016.07","3,000.42",-,0.19%
972,"Oct 25, 2019",3022.55,"3,003.32","3,027.39","3,001.94",-,0.41%
973,"Oct 28, 2019",3039.42,"3,032.12","3,044.08","3,032.12",-,0.56%
974,"Oct 29, 2019",3036.89,"3,035.39","3,047.87","3,034.81",-,-0.08%
975,"Oct 30, 2019",3046.77,"3,039.74","3,050.10","3,025.96",-,0.33%
976,"Oct 31, 2019",3037.56,"3,046.90","3,046.90","3,023.19",-,-0.30%
977,"Nov 01, 2019",3066.91,"3,050.72","3,066.95","3,050.72",-,0.97%
978,"Nov 04, 2019",3078.27,"3,078.96","3,085.20","3,074.87",-,0.37%
979,"Nov 05, 2019",3074.62,"3,080.80","3,083.95","3,072.15",-,-0.12%
980,"Nov 06, 2019",3076.78,"3,075.10","3,078.34","3,065.89",-,0.07%
981,"Nov 07, 2019",3085.18,"3,087.02","3,097.77","3,080.23",-,0.27%
982,"Nov 08, 2019",3093.08,"3,081.25","3,093.09","3,073.58",-,0.26%
983,"Nov 11, 2019",3087.01,"3,080.33","3,088.33","3,075.82",-,-0.20%
984,"Nov 12, 2019",3091.84,"3,089.28","3,102.61","3,084.73",-,0.16%
985,"Nov 13, 2019",3094.04,"3,084.18","3,098.06","3,078.80",-,0.07%
986,"Nov 14, 2019",3096.63,"3,090.75","3,098.20","3,083.26",-,0.08%
987,"Nov 15, 2019",3120.46,"3,107.92","3,120.46","3,104.60",-,0.77%
988,"Nov 18, 2019",3122.03,"3,117.91","3,124.17","3,112.06",-,0.05%
989,"Nov 19, 2019",3120.18,"3,127.45","3,127.64","3,113.47",-,-0.06%
990,"Nov 20, 2019",3108.46,"3,114.66","3,118.97","3,091.41",-,-0.38%
991,"Nov 21, 2019",3103.54,"3,108.49","3,110.11","3,094.55",-,-0.16%
992,"Nov 22, 2019",3110.29,"3,111.41","3,112.87","3,099.26",-,0.22%
993,"Nov 25, 2019",3133.64,"3,117.44","3,133.83","3,117.44",-,0.75%
994,"Nov 26, 2019",3140.52,"3,134.85","3,142.69","3,131.00",-,0.22%
995,"Nov 27, 2019",3153.63,"3,145.49","3,154.26","3,143.41",-,0.42%
996,"Nov 29, 2019",3140.98,"3,147.18","3,150.30","3,139.34",-,-0.40%
997,"Dec 02, 2019",3113.87,"3,143.85","3,144.31","3,110.78",-,-0.86%
998,"Dec 03, 2019",3093.2,"3,087.41","3,094.97","3,070.33",-,-0.66%
999,"Dec 04, 2019",3112.76,"3,103.50","3,119.38","3,102.53",-,0.63%
1000,"Dec 05, 2019",3117.43,"3,119.21","3,119.45","3,103.76",-,0.15%
1001,"Dec 06, 2019",3145.91,"3,134.62","3,150.60","3,134.62",-,0.91%
1002,"Dec 09, 2019",3135.96,"3,141.86","3,148.87","3,135.46",-,-0.32%
1003,"Dec 10, 2019",3132.52,"3,135.36","3,142.12","3,126.09",-,-0.11%
1004,"Dec 11, 2019",3141.63,"3,135.75","3,143.98","3,133.21",-,0.29%
1005,"Dec 12, 2019",3168.57,"3,141.23","3,176.28","3,138.47",-,0.86%
1006,"Dec 13, 2019",3168.8,"3,166.65","3,182.68","3,156.51",-,0.01%
1007,"Dec 16, 2019",3191.45,"3,183.63","3,197.71","3,183.63",-,0.71%
1008,"Dec 17, 2019",3192.52,"3,195.40","3,198.22","3,191.03",-,0.03%
1009,"Dec 18, 2019",3191.14,"3,195.21","3,198.48","3,191.14",-,-0.04%
1010,"Dec 19, 2019",3205.37,"3,192.32","3,205.48","3,192.32",-,0.45%
1011,"Dec 20, 2019",3221.22,"3,223.33","3,225.65","3,216.03",-,0.49%
1012,"Dec 23, 2019",3224.01,"3,226.05","3,227.78","3,222.30",-,0.09%
1013,"Dec 24, 2019",3223.38,"3,225.45","3,226.43","3,220.51",-,-0.02%
1014,"Dec 26, 2019",3239.91,"3,227.20","3,240.08","3,227.20",-,0.51%
1015,"Dec 27, 2019",3240.02,"3,247.23","3,247.93","3,234.37",-,0.00%
1016,"Dec 30, 2019",3221.29,"3,240.09","3,240.92","3,216.57",-,-0.58%
1017,"Dec 31, 2019",3230.78,"3,215.18","3,231.72","3,212.03",-,0.29%
1018,"Jan 02, 2020",3257.85,"3,244.67","3,258.14","3,235.53",-,0.84%
1019,"Jan 03, 2020",3234.85,"3,226.36","3,246.15","3,222.34",-,-0.71%
1020,"Jan 06, 2020",3246.28,"3,217.55","3,246.84","3,214.64",-,0.35%
1021,"Jan 07, 2020",3237.18,"3,241.86","3,244.91","3,232.43",-,-0.28%
1022,"Jan 08, 2020",3253.05,"3,238.59","3,267.07","3,236.67",-,0.49%
1023,"Jan 09, 2020",3274.7,"3,266.03","3,275.58","3,263.67",-,0.67%
1024,"Jan 10, 2020",3265.35,"3,281.81","3,282.99","3,260.86",-,-0.29%
1025,"Jan 13, 2020",3288.13,"3,271.13","3,288.13","3,268.43",-,0.70%
1026,"Jan 14, 2020",3283.15,"3,285.35","3,294.25","3,277.19",-,-0.15%
1027,"Jan 15, 2020",3289.29,"3,282.27","3,298.66","3,280.69",-,0.19%
1028,"Jan 16, 2020",3316.81,"3,302.97","3,317.11","3,302.82",-,0.84%
1029,"Jan 17, 2020",3329.62,"3,323.66","3,329.88","3,318.86",-,0.39%
1030,"Jan 21, 2020",3320.79,"3,321.03","3,329.79","3,316.61",-,-0.27%
1031,"Jan 22, 2020",3321.75,"3,330.02","3,337.77","3,320.04",-,0.03%
1032,"Jan 23, 2020",3325.54,"3,315.77","3,326.88","3,301.87",-,0.11%
1033,"Jan 24, 2020",3295.47,"3,333.10","3,333.18","3,281.53",-,-0.90%
1034,"Jan 27, 2020",3243.63,"3,247.16","3,258.85","3,234.50",-,-1.57%
1035,"Jan 28, 2020",3276.24,"3,255.35","3,285.78","3,253.22",-,1.01%
1036,"Jan 29, 2020",3273.4,"3,289.46","3,293.47","3,271.89",-,-0.09%
1037,"Jan 30, 2020",3283.66,"3,256.45","3,285.91","3,242.80",-,0.31%
1038,"Jan 31, 2020",3225.52,"3,282.33","3,282.33","3,214.68",-,-1.77%
1039,"Feb 03, 2020",3248.92,"3,235.66","3,268.44","3,235.66",-,0.73%
1040,"Feb 04, 2020",3297.59,"3,280.61","3,306.92","3,280.61",-,1.50%
1041,"Feb 05, 2020",3334.69,"3,324.91","3,337.58","3,313.75",-,1.13%
1042,"Feb 06, 2020",3345.78,"3,344.92","3,347.96","3,334.39",-,0.33%
1043,"Feb 07, 2020",3327.71,"3,335.54","3,341.42","3,322.12",-,-0.54%
1044,"Feb 10, 2020",3352.09,"3,318.28","3,352.26","3,317.77",-,0.73%
1045,"Feb 11, 2020",3357.75,"3,365.87","3,375.63","3,352.72",-,0.17%
1046,"Feb 12, 2020",3379.45,"3,370.50","3,381.47","3,369.72",-,0.65%
1047,"Feb 13, 2020",3373.94,"3,365.90","3,385.09","3,360.52",-,-0.16%
1048,"Feb 14, 2020",3380.16,"3,378.08","3,380.69","3,366.15",-,0.18%
1049,"Feb 18, 2020",3370.29,"3,369.04","3,375.01","3,355.61",-,-0.29%
1050,"Feb 19, 2020",3386.15,"3,380.39","3,393.52","3,378.83",-,0.47%
1051,"Feb 20, 2020",3373.23,"3,380.45","3,389.15","3,341.02",-,-0.38%
1052,"Feb 21, 2020",3337.75,"3,360.50","3,360.76","3,328.45",-,-1.05%
1053,"Feb 24, 2020",3225.89,"3,257.61","3,259.81","3,214.65",-,-3.35%
1054,"Feb 25, 2020",3128.21,"3,238.94","3,246.99","3,118.77",-,-3.03%
1055,"Feb 26, 2020",3116.39,"3,139.90","3,182.51","3,108.99",-,-0.38%
1056,"Feb 27, 2020",2978.76,"3,062.54","3,097.07","2,977.39",-,-4.42%
1057,"Feb 28, 2020",2954.22,"2,916.90","2,959.72","2,855.84",-,-0.82%
1058,"Mar 02, 2020",3090.23,"2,974.28","3,090.96","2,945.19",-,4.60%
1059,"Mar 03, 2020",3003.37,"3,096.46","3,136.72","2,976.63",-,-2.81%
1060,"Mar 04, 2020",3130.12,"3,045.75","3,130.97","3,034.38",-,4.22%
1061,"Mar 05, 2020",3023.94,"3,075.70","3,083.04","2,999.83",-,-3.39%
1062,"Mar 06, 2020",2972.37,"2,954.20","2,985.93","2,901.54",-,-1.71%
1063,"Mar 09, 2020",2746.56,"2,863.89","2,863.89","2,734.43",-,-7.60%
1064,"Mar 10, 2020",2882.23,"2,813.48","2,882.59","2,734.00",-,4.94%
1065,"Mar 11, 2020",2741.38,"2,825.60","2,825.60","2,707.22",-,-4.89%
1066,"Mar 12, 2020",2480.64,"2,630.86","2,660.95","2,478.86",-,-9.51%
1067,"Mar 13, 2020",2711.02,"2,569.99","2,711.33","2,492.37",-,9.29%
1068,"Mar 16, 2020",2386.13,"2,508.59","2,562.98","2,380.94",-,-11.98%
1069,"Mar 17, 2020",2529.19,"2,425.66","2,553.93","2,367.04",-,6.00%
1070,"Mar 18, 2020",2398.1,"2,436.50","2,453.57","2,280.52",-,-5.18%
1071,"Mar 19, 2020",2409.39,"2,393.48","2,466.97","2,319.78",-,0.47%
1072,"Mar 20, 2020",2304.92,"2,431.94","2,453.01","2,295.56",-,-4.34%
1073,"Mar 23, 2020",2237.4,"2,290.71","2,300.73","2,191.86",-,-2.93%
1074,"Mar 24, 2020",2447.33,"2,344.44","2,449.71","2,344.44",-,9.38%
1075,"Mar 25, 2020",2475.56,"2,457.77","2,571.42","2,407.53",-,1.15%
1076,"Mar 26, 2020",2630.07,"2,501.29","2,637.01","2,500.72",-,6.24%
1077,"Mar 27, 2020",2541.47,"2,555.87","2,615.91","2,520.02",-,-3.37%
1078,"Mar 30, 2020",2626.65,"2,558.98","2,631.80","2,545.28",-,3.35%
1079,"Mar 31, 2020",2584.59,"2,614.69","2,641.39","2,571.15",-,-1.60%
1080,"Apr 01, 2020",2470.5,"2,498.08","2,522.75","2,447.49",-,-4.41%
1081,"Apr 02, 2020",2526.9,"2,458.54","2,533.22","2,455.79",-,2.28%
1082,"Apr 03, 2020",2488.65,"2,514.92","2,538.18","2,459.96",-,-1.51%
1083,"Apr 06, 2020",2663.68,"2,578.28","2,676.85","2,574.57",-,7.03%
1084,"Apr 07, 2020",2659.41,"2,738.65","2,756.89","2,657.67",-,-0.16%
1085,"Apr 08, 2020",2749.98,"2,685.00","2,760.75","2,663.30",-,3.41%
1086,"Apr 09, 2020",2789.82,"2,776.99","2,818.57","2,762.36",-,1.45%
1087,"Apr 13, 2020",2761.63,"2,782.46","2,782.46","2,721.17",-,-1.01%
1088,"Apr 14, 2020",2846.06,"2,805.10","2,851.85","2,805.10",-,3.06%
1089,"Apr 15, 2020",2783.36,"2,795.64","2,801.88","2,761.54",-,-2.20%
1090,"Apr 16, 2020",2799.55,"2,799.34","2,806.51","2,764.32",-,0.58%
1091,"Apr 17, 2020",2874.56,"2,842.43","2,879.22","2,830.88",-,2.68%
1092,"Apr 20, 2020",2823.16,"2,845.62","2,868.98","2,820.43",-,-1.79%
1093,"Apr 21, 2020",2736.56,"2,784.81","2,785.54","2,727.10",-,-3.07%
1094,"Apr 22, 2020",2799.31,"2,787.89","2,815.10","2,775.95",-,2.29%
1095,"Apr 23, 2020",2797.8,"2,810.42","2,844.90","2,794.26",-,-0.05%
1096,"Apr 24, 2020",2836.74,"2,812.64","2,842.71","2,791.76",-,1.39%
1097,"Apr 27, 2020",2878.48,"2,854.65","2,887.72","2,852.89",-,1.47%
1098,"Apr 28, 2020",2863.39,"2,909.96","2,921.15","2,860.71",-,-0.52%
1099,"Apr 29, 2020",2939.51,"2,918.46","2,954.86","2,912.16",-,2.66%
1100,"Apr 30, 2020",2912.43,"2,930.91","2,930.91","2,892.47",-,-0.92%
1101,"May 01, 2020",2830.71,"2,869.09","2,869.09","2,821.61",-,-2.81%
1102,"May 04, 2020",2842.74,"2,815.01","2,844.24","2,797.85",-,0.42%
1103,"May 05, 2020",2868.44,"2,868.88","2,898.23","2,863.55",-,0.90%
1104,"May 06, 2020",2848.42,"2,883.14","2,891.11","2,847.65",-,-0.70%
1105,"May 07, 2020",2881.19,"2,878.26","2,901.92","2,876.48",-,1.15%
1106,"May 08, 2020",2929.8,"2,908.83","2,932.16","2,902.88",-,1.69%
1107,"May 11, 2020",2930.32,"2,915.46","2,944.25","2,903.44",-,0.02%
1108,"May 12, 2020",2870.12,"2,939.50","2,945.82","2,869.59",-,-2.05%
1109,"May 13, 2020",2820,"2,865.86","2,874.14","2,793.15",-,-1.75%
1110,"May 14, 2020",2852.5,"2,794.54","2,852.80","2,766.64",-,1.15%
1111,"May 15, 2020",2863.7,"2,829.95","2,865.01","2,816.78",-,0.39%
1112,"May 18, 2020",2953.91,"2,913.86","2,968.09","2,913.86",-,3.15%
1113,"May 19, 2020",2922.94,"2,948.59","2,964.21","2,922.35",-,-1.05%
1114,"May 20, 2020",2971.61,"2,953.63","2,980.29","2,953.63",-,1.67%
1115,"May 21, 2020",2948.51,"2,969.95","2,978.50","2,938.57",-,-0.78%
1116,"May 22, 2020",2955.45,"2,948.05","2,956.76","2,933.59",-,0.24%
1117,"May 26, 2020",2991.77,"3,004.08","3,021.72","2,988.17",-,1.23%
1118,"May 27, 2020",3036.13,"3,015.65","3,036.25","2,969.75",-,1.48%
1119,"May 28, 2020",3029.73,"3,046.61","3,068.67","3,023.40",-,-0.21%
1120,"May 29, 2020",3044.31,"3,025.17","3,049.17","2,998.61",-,0.48%
1121,"Jun 01, 2020",3055.73,"3,038.78","3,062.18","3,031.54",-,0.38%
1122,"Jun 02, 2020",3080.82,"3,064.78","3,081.07","3,051.64",-,0.82%
1123,"Jun 03, 2020",3122.87,"3,098.90","3,130.94","3,098.90",-,1.36%
1124,"Jun 04, 2020",3112.35,"3,111.56","3,128.91","3,090.41",-,-0.34%
1125,"Jun 05, 2020",3193.93,"3,163.84","3,211.72","3,163.84",-,2.62%
1126,"Jun 08, 2020",3232.39,"3,199.92","3,233.13","3,196.00",-,1.20%
1127,"Jun 09, 2020",3207.18,"3,213.32","3,222.71","3,193.11",-,-0.78%
1128,"Jun 10, 2020",3190.14,"3,213.42","3,223.27","3,181.49",-,-0.53%
1129,"Jun 11, 2020",3002.1,"3,123.53","3,123.53","2,999.49",-,-5.89%
1130,"Jun 12, 2020",3041.31,"3,071.04","3,088.42","2,984.47",-,1.31%
1131,"Jun 15, 2020",3066.59,"2,993.76","3,079.76","2,965.66",-,0.83%
1132,"Jun 16, 2020",3124.74,"3,131.00","3,153.45","3,076.06",-,1.90%
1133,"Jun 17, 2020",3113.49,"3,136.13","3,141.16","3,108.03",-,-0.36%
1134,"Jun 18, 2020",3115.34,"3,101.64","3,120.00","3,093.51",-,0.06%
1135,"Jun 19, 2020",3097.74,"3,140.29","3,155.53","3,083.11",-,-0.56%
1136,"Jun 22, 2020",3117.86,"3,094.42","3,120.92","3,079.39",-,0.65%
1137,"Jun 23, 2020",3131.29,"3,138.70","3,154.90","3,127.12",-,0.43%
1138,"Jun 24, 2020",3050.33,"3,114.40","3,115.01","3,032.13",-,-2.59%
1139,"Jun 25, 2020",3083.76,"3,046.60","3,086.25","3,024.01",-,1.10%
1140,"Jun 26, 2020",3009.05,"3,073.20","3,073.73","3,004.63",-,-2.42%
1141,"Jun 29, 2020",3053.24,"3,018.59","3,053.89","2,999.74",-,1.47%
1142,"Jun 30, 2020",3100.29,"3,050.20","3,111.51","3,047.83",-,1.54%
1143,"Jul 01, 2020",3115.86,"3,105.92","3,128.44","3,101.17",-,0.50%
1144,"Jul 02, 2020",3130.01,"3,143.64","3,165.81","3,124.52",-,0.45%
1145,"Jul 06, 2020",3179.72,"3,155.29","3,182.59","3,155.29",-,1.59%
1146,"Jul 07, 2020",3145.32,"3,166.44","3,184.15","3,142.93",-,-1.08%
1147,"Jul 08, 2020",3169.94,"3,153.07","3,171.80","3,136.53",-,0.78%
1148,"Jul 09, 2020",3152.05,"3,176.17","3,179.78","3,115.70",-,-0.56%
1149,"Jul 10, 2020",3185.04,"3,152.47","3,186.82","3,136.22",-,1.05%
1150,"Jul 13, 2020",3155.22,"3,205.08","3,235.32","3,149.43",-,-0.94%
1151,"Jul 14, 2020",3197.52,"3,141.11","3,200.95","3,127.66",-,1.34%
1152,"Jul 15, 2020",3226.56,"3,225.98","3,238.28","3,200.76",-,0.91%
1153,"Jul 16, 2020",3215.57,"3,208.36","3,220.39","3,198.59",-,-0.34%
1154,"Jul 17, 2020",3224.73,"3,224.21","3,233.52","3,205.65",-,0.28%
1155,"Jul 20, 2020",3251.84,"3,224.29","3,258.61","3,215.16",-,0.84%
1156,"Jul 21, 2020",3257.3,"3,268.52","3,277.29","3,247.77",-,0.17%
1157,"Jul 22, 2020",3276.02,"3,254.86","3,279.32","3,253.10",-,0.57%
1158,"Jul 23, 2020",3235.66,"3,271.64","3,279.99","3,222.66",-,-1.23%
1159,"Jul 24, 2020",3215.63,"3,218.58","3,227.26","3,200.05",-,-0.62%
1160,"Jul 27, 2020",3239.41,"3,219.84","3,241.43","3,214.25",-,0.74%
1161,"Jul 28, 2020",3218.44,"3,234.27","3,243.72","3,216.17",-,-0.65%
1162,"Jul 29, 2020",3258.44,"3,227.22","3,264.74","3,227.22",-,1.24%
1163,"Jul 30, 2020",3246.22,"3,231.76","3,250.92","3,204.13",-,-0.38%
1164,"Jul 31, 2020",3271.12,"3,270.45","3,272.17","3,220.26",-,0.77%
1165,"Aug 03, 2020",3294.61,"3,288.26","3,302.73","3,284.53",-,0.72%
1166,"Aug 04, 2020",3306.51,"3,289.92","3,306.84","3,286.37",-,0.36%
1167,"Aug 05, 2020",3327.77,"3,317.37","3,330.77","3,317.37",-,0.64%
1168,"Aug 06, 2020",3349.16,"3,323.17","3,351.03","3,318.14",-,0.64%
1169,"Aug 07, 2020",3351.28,"3,340.05","3,352.54","3,328.72",-,0.06%
1170,"Aug 10, 2020",3360.47,"3,356.04","3,363.29","3,335.44",-,0.27%
1171,"Aug 11, 2020",3333.69,"3,370.34","3,381.01","3,326.44",-,-0.80%
1172,"Aug 12, 2020",3380.35,"3,355.46","3,387.89","3,355.46",-,1.40%
1173,"Aug 13, 2020",3373.43,"3,372.95","3,387.24","3,363.35",-,-0.20%
1174,"Aug 14, 2020",3372.85,"3,368.66","3,378.51","3,361.64",-,-0.02%
1175,"Aug 17, 2020",3381.99,"3,380.86","3,387.59","3,379.22",-,0.27%
1176,"Aug 18, 2020",3389.78,"3,387.04","3,395.06","3,370.15",-,0.23%
1177,"Aug 19, 2020",3374.85,"3,392.51","3,399.54","3,369.66",-,-0.44%
1178,"Aug 20, 2020",3385.51,"3,360.48","3,390.80","3,354.69",-,0.32%
1179,"Aug 21, 2020",3397.16,"3,386.01","3,399.96","3,379.31",-,0.34%
1180,"Aug 24, 2020",3431.28,"3,418.09","3,432.09","3,413.13",-,1.00%
1181,"Aug 25, 2020",3443.62,"3,435.95","3,444.21","3,425.84",-,0.36%
1182,"Aug 26, 2020",3478.73,"3,449.97","3,481.07","3,444.15",-,1.02%
1183,"Aug 27, 2020",3484.55,"3,485.14","3,501.38","3,468.35",-,0.17%
1184,"Aug 28, 2020",3508.01,"3,494.69","3,509.23","3,484.32",-,0.67%
1185,"Aug 31, 2020",3500.31,"3,509.73","3,514.77","3,493.25",-,-0.22%
1186,"Sep 01, 2020",3526.65,"3,507.44","3,528.03","3,494.60",-,0.75%
1187,"Sep 02, 2020",3580.84,"3,543.76","3,588.11","3,535.23",-,1.54%
1188,"Sep 03, 2020",3455.06,"3,564.74","3,564.85","3,427.41",-,-3.51%
1189,"Sep 04, 2020",3426.96,"3,453.60","3,479.15","3,349.63",-,-0.81%
1190,"Sep 08, 2020",3331.84,"3,371.88","3,379.97","3,329.27",-,-2.78%
1191,"Sep 09, 2020",3398.96,"3,369.82","3,424.77","3,366.84",-,2.01%
1192,"Sep 10, 2020",3339.19,"3,412.56","3,425.55","3,329.25",-,-1.76%
1193,"Sep 11, 2020",3340.97,"3,352.70","3,368.95","3,310.47",-,0.05%
1194,"Sep 14, 2020",3383.54,"3,363.56","3,402.93","3,363.56",-,1.27%
1195,"Sep 15, 2020",3401.2,"3,407.73","3,419.48","3,389.25",-,0.52%
1196,"Sep 16, 2020",3385.49,"3,411.23","3,428.92","3,384.45",-,-0.46%
1197,"Sep 17, 2020",3357.01,"3,346.86","3,375.17","3,328.82",-,-0.84%
1198,"Sep 18, 2020",3319.47,"3,357.38","3,362.27","3,292.40",-,-1.12%
1199,"Sep 21, 2020",3281.06,"3,285.57","3,285.57","3,229.10",-,-1.16%
1200,"Sep 22, 2020",3315.57,"3,295.75","3,320.31","3,270.95",-,1.05%
1201,"Sep 23, 2020",3236.92,"3,320.11","3,323.35","3,232.57",-,-2.37%
1202,"Sep 24, 2020",3246.59,"3,226.14","3,278.70","3,209.45",-,0.30%
1203,"Sep 25, 2020",3298.46,"3,236.66","3,306.88","3,228.44",-,1.60%
1204,"Sep 28, 2020",3351.6,"3,333.90","3,360.74","3,332.91",-,1.61%
1205,"Sep 29, 2020",3335.47,"3,350.92","3,357.92","3,327.54",-,-0.48%
1206,"Sep 30, 2020",3363,"3,341.21","3,393.56","3,340.47",-,0.83%
1207,"Oct 01, 2020",3380.8,"3,385.87","3,397.18","3,361.39",-,0.53%
1208,"Oct 02, 2020",3348.44,"3,338.94","3,369.10","3,323.69",-,-0.96%
1209,"Oct 05, 2020",3408.63,"3,367.27","3,409.57","3,367.27",-,1.80%
1210,"Oct 06, 2020",3360.95,"3,408.74","3,431.56","3,354.54",-,-1.40%
1211,"Oct 07, 2020",3419.45,"3,384.56","3,426.26","3,384.56",-,1.74%
1212,"Oct 08, 2020",3446.83,"3,434.28","3,447.28","3,428.15",-,0.80%
1213,"Oct 09, 2020",3477.13,"3,459.67","3,482.34","3,458.07",-,0.88%
1214,"Oct 12, 2020",3534.22,"3,500.02","3,549.85","3,499.61",-,1.64%
1215,"Oct 13, 2020",3511.93,"3,534.01","3,534.01","3,500.86",-,-0.63%
1216,"Oct 14, 2020",3488.67,"3,515.47","3,527.94","3,480.55",-,-0.66%
1217,"Oct 15, 2020",3483.34,"3,453.72","3,489.08","3,440.89",-,-0.15%
1218,"Oct 16, 2020",3483.81,"3,493.50","3,515.76","3,480.45",-,0.01%
1219,"Oct 19, 2020",3426.92,"3,493.66","3,502.42","3,419.93",-,-1.63%
1220,"Oct 20, 2020",3443.12,"3,439.38","3,476.93","3,435.65",-,0.47%
1221,"Oct 21, 2020",3435.56,"3,439.91","3,464.86","3,433.06",-,-0.22%
1222,"Oct 22, 2020",3453.49,"3,438.50","3,460.53","3,415.34",-,0.52%
1223,"Oct 23, 2020",3465.39,"3,464.90","3,466.46","3,440.45",-,0.34%
1224,"Oct 26, 2020",3400.97,"3,441.42","3,441.42","3,364.86",-,-1.86%
1225,"Oct 27, 2020",3390.68,"3,403.15","3,409.51","3,388.71",-,-0.30%
1226,"Oct 28, 2020",3271.03,"3,342.48","3,342.48","3,268.89",-,-3.53%
1227,"Oct 29, 2020",3310.11,"3,277.17","3,341.05","3,259.82",-,1.19%
1228,"Oct 30, 2020",3269.96,"3,293.59","3,304.93","3,233.94",-,-1.21%
1229,"Nov 02, 2020",3310.24,"3,296.20","3,330.14","3,279.74",-,1.23%
1230,"Nov 03, 2020",3369.16,"3,336.25","3,389.49","3,336.25",-,1.78%
1231,"Nov 04, 2020",3443.44,"3,406.46","3,486.25","3,405.17",-,2.20%
1232,"Nov 05, 2020",3510.45,"3,485.74","3,529.05","3,485.74",-,1.95%
1233,"Nov 06, 2020",3509.44,"3,508.34","3,521.58","3,484.34",-,-0.03%
1234,"Nov 09, 2020",3550.5,"3,583.04","3,645.99","3,547.48",-,1.17%
1235,"Nov 10, 2020",3545.53,"3,543.26","3,557.22","3,511.91",-,-0.14%
1236,"Nov 11, 2020",3572.66,"3,563.22","3,581.16","3,557.00",-,0.77%
1237,"Nov 12, 2020",3537.01,"3,562.67","3,569.02","3,518.58",-,-1.00%
1238,"Nov 13, 2020",3585.15,"3,552.57","3,593.66","3,552.57",-,1.36%
1239,"Nov 16, 2020",3626.91,"3,600.16","3,628.51","3,600.16",-,1.16%
1240,"Nov 17, 2020",3609.53,"3,610.31","3,623.11","3,588.68",-,-0.48%
1241,"Nov 18, 2020",3567.79,"3,612.09","3,619.09","3,567.33",-,-1.16%
1242,"Nov 19, 2020",3581.87,"3,559.41","3,585.22","3,543.84",-,0.39%
1243,"Nov 20, 2020",3557.54,"3,579.31","3,581.23","3,556.85",-,-0.68%
1244,"Nov 23, 2020",3577.59,"3,566.82","3,589.81","3,552.77",-,0.56%
1245,"Nov 24, 2020",3635.41,"3,594.52","3,642.31","3,594.52",-,1.62%
1246,"Nov 25, 2020",3629.65,"3,635.50","3,635.50","3,617.76",-,-0.16%
1247,"Nov 27, 2020",3638.35,"3,638.55","3,644.31","3,629.33",-,0.24%
1248,"Nov 30, 2020",3621.63,"3,634.18","3,634.18","3,594.39",-,-0.46%
1249,"Dec 01, 2020",3662.45,"3,645.87","3,678.45","3,645.87",-,1.13%
1250,"Dec 02, 2020",3669.01,"3,653.78","3,670.96","3,644.84",-,0.18%
1251,"Dec 03, 2020",3666.72,"3,668.28","3,682.73","3,657.17",-,-0.06%
1252,"Dec 04, 2020",3699.12,"3,670.94","3,699.20","3,670.94",-,0.88%
1253,"Dec 07, 2020",3691.96,"3,694.73","3,697.41","3,678.88",-,-0.19%
1254,"Dec 08, 2020",3702.25,"3,683.05","3,708.45","3,678.83",-,0.28%
1255,"Dec 09, 2020",3672.82,"3,705.98","3,712.39","3,660.54",-,-0.79%
1256,"Dec 10, 2020",3668.1,"3,659.13","3,678.49","3,645.18",-,-0.13%
1257,"Dec 11, 2020",3663.46,"3,656.08","3,665.91","3,633.40",-,-0.13%
1258,"Dec 14, 2020",3647.49,"3,675.27","3,697.61","3,645.84",-,-0.44%
1259,"Dec 15, 2020",3694.62,"3,666.41","3,695.29","3,659.62",-,1.29%
